filename,cluster
0x ZRX whitepapers - whitepaper.io.txt.vec,0
1inch 1INCH whitepapers - whitepaper.io.txt.vec,0
1irstcoin FST whitepapers - whitepaper.io.txt.vec,0
1World 1WO whitepapers - whitepaper.io.txt.vec,0
42-coin 42 whitepapers - whitepaper.io.txt.vec,0
4THPILLAR TECHNOLOGIES FOUR whitepapers - whitepaper.io.txt.vec,-1
888tron 888 whitepapers - whitepaper.io.txt.vec,0
8X8 PROTOCOL EXE whitepapers - whitepaper.io.txt.vec,-1
999 999 whitepapers - whitepaper.io.txt.vec,0
99DEFI.NETWORK 99DEFI whitepapers - whitepaper.io.txt.vec,0
9D NFT COGI whitepapers - whitepaper.io.txt.vec,0
A4 Finance A4 whitepapers - whitepaper.io.txt.vec,0
Aave AAVE whitepapers - whitepaper.io.txt.vec,-1
AAX Token AAB whitepapers - whitepaper.io.txt.vec,0
ABBC Foundation ABBC whitepapers - whitepaper.io.txt.vec,0
ACA Token ACA whitepapers - whitepaper.io.txt.vec,0
Accumulate ACME whitepapers - whitepaper.io.txt.vec,0
Aces ACES whitepapers - whitepaper.io.txt.vec,-1
Achain ACT whitepapers - whitepaper.io.txt.vec,-1
Acute Angle Cloud AAC whitepapers - whitepaper.io.txt.vec,0
Adappter Token ADP whitepapers - whitepaper.io.txt.vec,0
ADAX ADAX whitepapers - whitepaper.io.txt.vec,0
AdEx ADX whitepapers - whitepaper.io.txt.vec,0
Aditus ADI whitepapers - whitepaper.io.txt.vec,0
Adshares ADS whitepapers - whitepaper.io.txt.vec,0
aelf ELF whitepapers - whitepaper.io.txt.vec,0
Aergo AERGO whitepapers - whitepaper.io.txt.vec,0
Aeron ARN whitepapers - whitepaper.io.txt.vec,0
Aerovek Aviation AERO whitepapers - whitepaper.io.txt.vec,0
Aeternity AE whitepapers - whitepaper.io.txt.vec,-1
AEToken AET whitepapers - whitepaper.io.txt.vec,0
Affinity AFNTY whitepapers - whitepaper.io.txt.vec,0
AgaveCoin AGVC whitepapers - whitepaper.io.txt.vec,0
Aidos Kuneen ADK whitepapers - whitepaper.io.txt.vec,-1
Aion AION whitepapers - whitepaper.io.txt.vec,-1
AIOZ Network AIOZ whitepapers - whitepaper.io.txt.vec,0
aiRight AIRI whitepapers - whitepaper.io.txt.vec,0
AirSwap AST whitepapers - whitepaper.io.txt.vec,0
Akash Network AKT whitepapers - whitepaper.io.txt.vec,-1
Akropolis AKRO whitepapers - whitepaper.io.txt.vec,-1
Akt.io AKTIO whitepapers - whitepaper.io.txt.vec,0
Alchemy ACOIN whitepapers - whitepaper.io.txt.vec,0
Alchemy Pay ACH whitepapers - whitepaper.io.txt.vec,0
Alias ALIAS whitepapers - whitepaper.io.txt.vec,0
ALL BEST ICO ALLBI whitepapers - whitepaper.io.txt.vec,0
All Sports SOC whitepapers - whitepaper.io.txt.vec,0
ALLY ALY whitepapers - whitepaper.io.txt.vec,0
Alpha Finance Lab ALPHA whitepapers - whitepaper.io.txt.vec,0
Alphacat ACAT whitepapers - whitepaper.io.txt.vec,0
ALQO ALQO whitepapers - whitepaper.io.txt.vec,0
AMARK XAC whitepapers - whitepaper.io.txt.vec,-1
Ambrosus AMB whitepapers - whitepaper.io.txt.vec,0
AMMYI Coin AMI whitepapers - whitepaper.io.txt.vec,0
Ampleforth AMPL whitepapers - whitepaper.io.txt.vec,-1
Anchor ANCT whitepapers - whitepaper.io.txt.vec,-1
Ancient Kingdom DOM whitepapers - whitepaper.io.txt.vec,0
Ankr Network ANKR whitepapers - whitepaper.io.txt.vec,0
Annex Finance ANN whitepapers - whitepaper.io.txt.vec,0
Antalyaspor Token AKREP whitepapers - whitepaper.io.txt.vec,1
AOK AOK whitepapers - whitepaper.io.txt.vec,0
Apex CPX whitepapers - whitepaper.io.txt.vec,0
API3 API3 whitepapers - whitepaper.io.txt.vec,-1
APIS APIS whitepapers - whitepaper.io.txt.vec,0
APIX APIX whitepapers - whitepaper.io.txt.vec,0
apM Coin APM whitepapers - whitepaper.io.txt.vec,0
Apollo Currency APL whitepapers - whitepaper.io.txt.vec,0
AppCoins APPC whitepapers - whitepaper.io.txt.vec,-1
AppleSwap APPLE whitepapers - whitepaper.io.txt.vec,0
Aptos null whitepapers - whitepaper.io.txt.vec,2
APY.Finance APY whitepapers - whitepaper.io.txt.vec,0
Aquari AQUARI whitepapers - whitepaper.io.txt.vec,0
Ara Blocks ARA whitepapers - whitepaper.io.txt.vec,-1
ArbitrageCT ARCT whitepapers - whitepaper.io.txt.vec,0
ArcBlock ABT whitepapers - whitepaper.io.txt.vec,0
Archethic UCO whitepapers - whitepaper.io.txt.vec,0
ARCS ARX whitepapers - whitepaper.io.txt.vec,0
ArdCoin ARDX whitepapers - whitepaper.io.txt.vec,0
Ardor ARDR whitepapers - whitepaper.io.txt.vec,3
Arepacoin AREPA whitepapers - whitepaper.io.txt.vec,0
Ariva ARV whitepapers - whitepaper.io.txt.vec,0
Ark ARK whitepapers - whitepaper.io.txt.vec,0
Artex ARTEX whitepapers - whitepaper.io.txt.vec,0
ARTM ARTM whitepapers - whitepaper.io.txt.vec,0
Arweave AR whitepapers - whitepaper.io.txt.vec,-1
Aryacoin AYA whitepapers - whitepaper.io.txt.vec,0
Ascendex BTMX whitepapers - whitepaper.io.txt.vec,0
Asch XAS whitepapers - whitepaper.io.txt.vec,0
asd null whitepapers - whitepaper.io.txt.vec,0
Asia Coin ASIA whitepapers - whitepaper.io.txt.vec,0
ASTA ASTA whitepapers - whitepaper.io.txt.vec,0
Aston ATX whitepapers - whitepaper.io.txt.vec,0
AstroSpaces.io SPACES whitepapers - whitepaper.io.txt.vec,0
Atari Token ATRI whitepapers - whitepaper.io.txt.vec,0
ATLANT ATL whitepapers - whitepaper.io.txt.vec,0
Atlas Protocol ATP whitepapers - whitepaper.io.txt.vec,0
ATN ATN whitepapers - whitepaper.io.txt.vec,0
AtromG8 AG8 whitepapers - whitepaper.io.txt.vec,0
Attila ATT whitepapers - whitepaper.io.txt.vec,0
Audius AUDIO whitepapers - whitepaper.io.txt.vec,-1
Augur REP whitepapers - whitepaper.io.txt.vec,-1
Aurix AUR whitepapers - whitepaper.io.txt.vec,0
Aurora AOA whitepapers - whitepaper.io.txt.vec,0
Autonio NIOX whitepapers - whitepaper.io.txt.vec,0
Avalanche AVAX whitepapers - whitepaper.io.txt.vec,-1
AVINOC AVINOC whitepapers - whitepaper.io.txt.vec,-1
Axion AXN whitepapers - whitepaper.io.txt.vec,0
Axis DeFi AXIS whitepapers - whitepaper.io.txt.vec,0
Axl Inu AXL whitepapers - whitepaper.io.txt.vec,0
Azit AZIT whitepapers - whitepaper.io.txt.vec,4
b null whitepapers - whitepaper.io.txt.vec,0
B2BX B2B whitepapers - whitepaper.io.txt.vec,0
Baanx BXX whitepapers - whitepaper.io.txt.vec,0
BaaSid BAAS whitepapers - whitepaper.io.txt.vec,-1
BABB BAX whitepapers - whitepaper.io.txt.vec,0
BABEEZ BABEEZ whitepapers - whitepaper.io.txt.vec,0
Baby Shiba Inu BABYSHIBAINU whitepapers - whitepaper.io.txt.vec,0
BAB_L TOKEN BABIL whitepapers - whitepaper.io.txt.vec,1
BaconCoin BACON whitepapers - whitepaper.io.txt.vec,-1
Balancer BAL whitepapers - whitepaper.io.txt.vec,-1
Bancor BNT whitepapers - whitepaper.io.txt.vec,-1
Band Protocol BAND whitepapers - whitepaper.io.txt.vec,0
Bankex BKX whitepapers - whitepaper.io.txt.vec,-1
Bankroll Network BNKR whitepapers - whitepaper.io.txt.vec,-1
Basic Attention Token BAT whitepapers - whitepaper.io.txt.vec,0
Bata BTA whitepapers - whitepaper.io.txt.vec,0
bc1q3vu6xewzafwwh6nw0camfz7chu2fxfxxt29xax bc1q3vu6xewzafwwh6nw0camfz7chu2fxfxxt29xax whitepapers - whitepaper.io.txt.vec,0
Beam BEAM whitepapers - whitepaper.io.txt.vec,0
Bean Cash - BitBean BITB whitepapers - whitepaper.io.txt.vec,0
BeeSwap BEE whitepapers - whitepaper.io.txt.vec,0
BeFaster Holder Token BFHT whitepapers - whitepaper.io.txt.vec,0
BeforeCoinMarketCap BCMC1 whitepapers - whitepaper.io.txt.vec,0
"Behodler EYE is the governance token Scarcity (SCX) is the Liquidity Token Flan (FLN) is a reward token issued by a token migration yield farm, Limbo. whitepapers - whitepaper.io.txt.vec",-1
Bela BELA whitepapers - whitepaper.io.txt.vec,0
Beldex BDX whitepapers - whitepaper.io.txt.vec,0
Belgian Malinois Token Belgian Malinois Token whitepapers - whitepaper.io.txt.vec,0
BEMIL Coin BEM whitepapers - whitepaper.io.txt.vec,0
BetterBetting BETR whitepapers - whitepaper.io.txt.vec,0
BGOGO BGG whitepapers - whitepaper.io.txt.vec,0
BHAX Token BHAX whitepapers - whitepaper.io.txt.vec,0
BHO Network BHO whitepapers - whitepaper.io.txt.vec,0
BHP Network BHP whitepapers - whitepaper.io.txt.vec,0
Biconomy Exchange Token BIT whitepapers - whitepaper.io.txt.vec,0
BiFi BIFI whitepapers - whitepaper.io.txt.vec,-1
Bifrost BFC whitepapers - whitepaper.io.txt.vec,-1
Binance BNB whitepapers - whitepaper.io.txt.vec,0
Bincentive BCNT whitepapers - whitepaper.io.txt.vec,0
BioPassport Token BIOT whitepapers - whitepaper.io.txt.vec,-1
Bismuth BIS whitepapers - whitepaper.io.txt.vec,0
BitBay BAY whitepapers - whitepaper.io.txt.vec,0
Bitbook Gambling BXK whitepapers - whitepaper.io.txt.vec,0
Bitcicoin BITCI whitepapers - whitepaper.io.txt.vec,0
Bitcoiin2Gen B2G whitepapers - whitepaper.io.txt.vec,0
Bitcoin Asia BTCA whitepapers - whitepaper.io.txt.vec,0
Bitcoin BTC whitepapers - whitepaper.io.txt.vec,0
Bitcoin Diamond BCD whitepapers - whitepaper.io.txt.vec,0
Bitcoin Green BITG whitepapers - whitepaper.io.txt.vec,-1
Bitcoin Plus XBC whitepapers - whitepaper.io.txt.vec,0
Bitcoin Private BTCP whitepapers - whitepaper.io.txt.vec,0
Bitcoin Rhodium XRC whitepapers - whitepaper.io.txt.vec,0
Bitcoin Standard Hashrate Token BTCST whitepapers - whitepaper.io.txt.vec,-1
Bitcoin Turbo Koin BTK whitepapers - whitepaper.io.txt.vec,0
BitcoinHD BHD whitepapers - whitepaper.io.txt.vec,-1
bitcon1 0x35131617a66472F9f0D384F41BbCCa7c999A149e whitepapers - whitepaper.io.txt.vec,0
Bitgert BRISE whitepapers - whitepaper.io.txt.vec,0
BITICA COIN BDCC whitepapers - whitepaper.io.txt.vec,0
BitMart BMX whitepapers - whitepaper.io.txt.vec,0
BitOnyx BTNYX whitepapers - whitepaper.io.txt.vec,0
BitoPro Exchange Token BITO whitepapers - whitepaper.io.txt.vec,0
Bitpanda Ecosystem Token BEST whitepapers - whitepaper.io.txt.vec,0
BitRent RNTB whitepapers - whitepaper.io.txt.vec,0
BitShares BTS whitepapers - whitepaper.io.txt.vec,-1
BitShiba SHIBA whitepapers - whitepaper.io.txt.vec,0
Bitspark ZEPH whitepapers - whitepaper.io.txt.vec,0
BiTToken BITT whitepapers - whitepaper.io.txt.vec,0
BitTorrent BTT whitepapers - whitepaper.io.txt.vec,0
BIZZCOIN BIZZ whitepapers - whitepaper.io.txt.vec,0
BlackCoin BLK whitepapers - whitepaper.io.txt.vec,0
BlackHat BLKC whitepapers - whitepaper.io.txt.vec,0
Blackmoon BMC whitepapers - whitepaper.io.txt.vec,0
BlackPearl Token BPLC whitepapers - whitepaper.io.txt.vec,0
Block Ape Scissors BAS whitepapers - whitepaper.io.txt.vec,0
Blockburn BURN whitepapers - whitepaper.io.txt.vec,0
BlockDag null whitepapers - whitepaper.io.txt.vec,0
Blockius BLOS whitepapers - whitepaper.io.txt.vec,0
BlockMason Credit Protocol BCPT whitepapers - whitepaper.io.txt.vec,0
Blocknet BLOCK whitepapers - whitepaper.io.txt.vec,-1
BlockNoteX BNOX whitepapers - whitepaper.io.txt.vec,0
Blockport BPT whitepapers - whitepaper.io.txt.vec,0
Blocksafe - Triggers TRIG whitepapers - whitepaper.io.txt.vec,0
Blockstack STX whitepapers - whitepaper.io.txt.vec,-1
Blocktix TIX whitepapers - whitepaper.io.txt.vec,0
BLOCKv VEE whitepapers - whitepaper.io.txt.vec,0
Bloom BLT whitepapers - whitepaper.io.txt.vec,0
Bloomify CHARGE whitepapers - whitepaper.io.txt.vec,0
Bloomify Static STATIC whitepapers - whitepaper.io.txt.vec,0
bloXmove Token BLXM whitepapers - whitepaper.io.txt.vec,0
Blue Baikal BBC whitepapers - whitepaper.io.txt.vec,-1
BlueArk BRK whitepapers - whitepaper.io.txt.vec,-1
Bluzelle BLZ whitepapers - whitepaper.io.txt.vec,-1
BLX BLX whitepapers - whitepaper.io.txt.vec,0
BnkToTheFuture BFT whitepapers - whitepaper.io.txt.vec,0
BNS Token BNS whitepapers - whitepaper.io.txt.vec,0
Bodhi BOT whitepapers - whitepaper.io.txt.vec,-1
Bogged BOG whitepapers - whitepaper.io.txt.vec,0
BollyCoin BOLLY whitepapers - whitepaper.io.txt.vec,0
BonusCloud BXC whitepapers - whitepaper.io.txt.vec,0
Boolberry BBR whitepapers - whitepaper.io.txt.vec,0
BORA BORA whitepapers - whitepaper.io.txt.vec,0
BOSAGORA BOA whitepapers - whitepaper.io.txt.vec,0
Bottos BTO whitepapers - whitepaper.io.txt.vec,0
botXcoin BOTX whitepapers - whitepaper.io.txt.vec,0
Bozkurt Token BT whitepapers - whitepaper.io.txt.vec,-1
BrahmaOS BRM whitepapers - whitepaper.io.txt.vec,0
Bread BRD whitepapers - whitepaper.io.txt.vec,0
Breezecoin BRZE whitepapers - whitepaper.io.txt.vec,0
Bridge Oracle BRG whitepapers - whitepaper.io.txt.vec,-1
Brother Music Platform BMP whitepapers - whitepaper.io.txt.vec,-1
BSClaunch BSL whitepapers - whitepaper.io.txt.vec,0
BTRIPS BTR whitepapers - whitepaper.io.txt.vec,0
BTS Chain BTSC whitepapers - whitepaper.io.txt.vec,0
BTU Protocol BTU whitepapers - whitepaper.io.txt.vec,0
BullPerks BLP whitepapers - whitepaper.io.txt.vec,0
Bulwark BWK whitepapers - whitepaper.io.txt.vec,0
Bunicorn BUNI whitepapers - whitepaper.io.txt.vec,0
BurningMoon BM whitepapers - whitepaper.io.txt.vec,0
Busy DAO BUSY whitepapers - whitepaper.io.txt.vec,0
Buying.com BUY whitepapers - whitepaper.io.txt.vec,0
Buzzshow GLDY whitepapers - whitepaper.io.txt.vec,0
Bytecoin BCN whitepapers - whitepaper.io.txt.vec,0
Bytom BTM whitepapers - whitepaper.io.txt.vec,0
Cajutel CAJ whitepapers - whitepaper.io.txt.vec,-1
Callisto Network CLO whitepapers - whitepaper.io.txt.vec,0
Camp CAMP whitepapers - whitepaper.io.txt.vec,-1
Canlead CAND whitepapers - whitepaper.io.txt.vec,0
CarBlock CAR whitepapers - whitepaper.io.txt.vec,0
Cardano ADA whitepapers - whitepaper.io.txt.vec,0
Carry CRE whitepapers - whitepaper.io.txt.vec,-1
Cartesi CTSI whitepapers - whitepaper.io.txt.vec,-1
CarVertical CV whitepapers - whitepaper.io.txt.vec,0
Cashaa CAS whitepapers - whitepaper.io.txt.vec,0
CasinoCoin CSC whitepapers - whitepaper.io.txt.vec,0
Caspian CSP whitepapers - whitepaper.io.txt.vec,0
Catex Token CATT whitepapers - whitepaper.io.txt.vec,-1
Catoshi CZATS whitepapers - whitepaper.io.txt.vec,0
CEEK VR CEEK whitepapers - whitepaper.io.txt.vec,0
Celer Network CELR whitepapers - whitepaper.io.txt.vec,-1
Celo Dollar CUSD whitepapers - whitepaper.io.txt.vec,-1
Celsius CEL whitepapers - whitepaper.io.txt.vec,0
Centrality CENNZ whitepapers - whitepaper.io.txt.vec,0
Certified Diamond Coin DPT whitepapers - whitepaper.io.txt.vec,0
Chain Games CHAIN whitepapers - whitepaper.io.txt.vec,0
Chain XCN whitepapers - whitepaper.io.txt.vec,0
Chainbing CBG whitepapers - whitepaper.io.txt.vec,0
Chainlink LINK whitepapers - whitepaper.io.txt.vec,-1
ChainX PCX whitepapers - whitepaper.io.txt.vec,-1
Chia Network XCH whitepapers - whitepaper.io.txt.vec,-1
Chiliz CHZ whitepapers - whitepaper.io.txt.vec,0
Chromia CHR whitepapers - whitepaper.io.txt.vec,0
Chronicle XNL whitepapers - whitepaper.io.txt.vec,0
Chronobank TIME whitepapers - whitepaper.io.txt.vec,-1
Cindicator CND whitepapers - whitepaper.io.txt.vec,0
Cirus Foundation CIRUS whitepapers - whitepaper.io.txt.vec,0
Civic CVC whitepapers - whitepaper.io.txt.vec,0
Civitas CIV whitepapers - whitepaper.io.txt.vec,0
Clinic Spectrum null whitepapers - whitepaper.io.txt.vec,0
Clipper Coin CCCX whitepapers - whitepaper.io.txt.vec,0
CloakCoin CLOAK whitepapers - whitepaper.io.txt.vec,0
Cloudbric CLB whitepapers - whitepaper.io.txt.vec,-1
CloudCoin CC whitepapers - whitepaper.io.txt.vec,0
CNNS CNNS whitepapers - whitepaper.io.txt.vec,0
Cocos-BCX COCOS whitepapers - whitepaper.io.txt.vec,-1
Codex CDEX whitepapers - whitepaper.io.txt.vec,0
CoinAlpha ALP whitepapers - whitepaper.io.txt.vec,0
CoinFLEX FLEX whitepapers - whitepaper.io.txt.vec,0
CoinPoker CHP whitepapers - whitepaper.io.txt.vec,0
Coldstack CLS whitepapers - whitepaper.io.txt.vec,0
Colizeum ZEUM whitepapers - whitepaper.io.txt.vec,0
Colony Network Token CLNY whitepapers - whitepaper.io.txt.vec,-1
ColossusXT COLX whitepapers - whitepaper.io.txt.vec,0
Cometh MUST whitepapers - whitepaper.io.txt.vec,0
Community Doge Coin CCDOGE whitepapers - whitepaper.io.txt.vec,0
Compound 0x CZRX whitepapers - whitepaper.io.txt.vec,0
Compound Basic Attention Token CBAT whitepapers - whitepaper.io.txt.vec,0
Compound COMP whitepapers - whitepaper.io.txt.vec,0
Compound Dai CDAI whitepapers - whitepaper.io.txt.vec,0
Compound USD Coin CUSDC whitepapers - whitepaper.io.txt.vec,0
Compound USDT CUSDT whitepapers - whitepaper.io.txt.vec,0
Compound Wrapped BTC CWBTC whitepapers - whitepaper.io.txt.vec,0
Concordium CCD whitepapers - whitepaper.io.txt.vec,-1
Conflux Network CFX whitepapers - whitepaper.io.txt.vec,-1
Connector Coin CNCTR (Polygon) whitepapers - whitepaper.io.txt.vec,-1
Constellation DAG whitepapers - whitepaper.io.txt.vec,-1
ContentBox BOX whitepapers - whitepaper.io.txt.vec,-1
CONUN CON whitepapers - whitepaper.io.txt.vec,0
Convergence CONV whitepapers - whitepaper.io.txt.vec,0
Copiosa Coin COP whitepapers - whitepaper.io.txt.vec,0
Coral Swap CORAL whitepapers - whitepaper.io.txt.vec,0
Corgidoge CORGI whitepapers - whitepaper.io.txt.vec,0
Cornatto CNC whitepapers - whitepaper.io.txt.vec,0
Cortex CTXC whitepapers - whitepaper.io.txt.vec,-1
COSMOCHAIN COSM whitepapers - whitepaper.io.txt.vec,0
Cosmos ATOM whitepapers - whitepaper.io.txt.vec,0
COSS COSS whitepapers - whitepaper.io.txt.vec,0
COTI COTI whitepapers - whitepaper.io.txt.vec,-1
CoTrader COT whitepapers - whitepaper.io.txt.vec,0
Counos X CCXX whitepapers - whitepaper.io.txt.vec,0
Covesting COV whitepapers - whitepaper.io.txt.vec,0
CPChain CPC whitepapers - whitepaper.io.txt.vec,0
CRDT CRDT whitepapers - whitepaper.io.txt.vec,0
Creditcoin CTC whitepapers - whitepaper.io.txt.vec,0
Credits CS whitepapers - whitepaper.io.txt.vec,0
Crust CRU whitepapers - whitepaper.io.txt.vec,-1
Cryptaur CPT whitepapers - whitepaper.io.txt.vec,-1
Crypterium CRPT whitepapers - whitepaper.io.txt.vec,0
CryptEx CRX whitepapers - whitepaper.io.txt.vec,0
Cryptex Finance CTX whitepapers - whitepaper.io.txt.vec,0
Crypto.com Chain CRO whitepapers - whitepaper.io.txt.vec,-1
CRYPTO20 C20 whitepapers - whitepaper.io.txt.vec,-1
CryptoArt.Ai CART whitepapers - whitepaper.io.txt.vec,0
CryptoBull 168000000 whitepapers - whitepaper.io.txt.vec,0
CryptoFranc XCHF whitepapers - whitepaper.io.txt.vec,0
Cryptoindex.com 100 CIX100 whitepapers - whitepaper.io.txt.vec,-1
Cryptonex CNX whitepapers - whitepaper.io.txt.vec,0
Cryptonity XNY whitepapers - whitepaper.io.txt.vec,0
CryptoXpress XPRESS whitepapers - whitepaper.io.txt.vec,0
Crystal Powder CP whitepapers - whitepaper.io.txt.vec,0
CS9 CS9 whitepapers - whitepaper.io.txt.vec,0
Ctomorrow Platform CTP whitepapers - whitepaper.io.txt.vec,0
Cube AUTO whitepapers - whitepaper.io.txt.vec,0
Cult DAO CULT whitepapers - whitepaper.io.txt.vec,0
Cultiplan(CTPL) CTPL whitepapers - whitepaper.io.txt.vec,0
Curio CUR whitepapers - whitepaper.io.txt.vec,0
Curve DAO Token CRV whitepapers - whitepaper.io.txt.vec,0
CurveUSD null whitepapers - whitepaper.io.txt.vec,0
CUTcoin CUT whitepapers - whitepaper.io.txt.vec,0
CyberMiles CMT whitepapers - whitepaper.io.txt.vec,0
CyberVein CVT whitepapers - whitepaper.io.txt.vec,-1
Cyclub CYCLUB whitepapers - whitepaper.io.txt.vec,0
Dacxi DACXI whitepapers - whitepaper.io.txt.vec,0
DAD DAD whitepapers - whitepaper.io.txt.vec,0
DAEX DAX whitepapers - whitepaper.io.txt.vec,0
Dai DAI whitepapers - whitepaper.io.txt.vec,0
Daneel DAN whitepapers - whitepaper.io.txt.vec,0
Dapp Token DAPPT whitepapers - whitepaper.io.txt.vec,-1
DAPS DAPS whitepapers - whitepaper.io.txt.vec,0
Darcrus MER whitepapers - whitepaper.io.txt.vec,0
Dash DASH whitepapers - whitepaper.io.txt.vec,0
DATA DTA whitepapers - whitepaper.io.txt.vec,0
DATACHAIN FOUNDATION (DC) DC whitepapers - whitepaper.io.txt.vec,-1
Datawallet DXT whitepapers - whitepaper.io.txt.vec,-1
Datum DAT whitepapers - whitepaper.io.txt.vec,0
DAV Coin DAV whitepapers - whitepaper.io.txt.vec,0
Davinci Coin DAC whitepapers - whitepaper.io.txt.vec,0
DECENT DCT whitepapers - whitepaper.io.txt.vec,0
DecentBet DBET whitepapers - whitepaper.io.txt.vec,0
Decentraland MANA whitepapers - whitepaper.io.txt.vec,0
Decimal DEL whitepapers - whitepaper.io.txt.vec,0
Decurian ECU whitepapers - whitepaper.io.txt.vec,0
DeepBrain Chain DBC whitepapers - whitepaper.io.txt.vec,0
Deeper Network DPR whitepapers - whitepaper.io.txt.vec,-1
DeepOnion ONION whitepapers - whitepaper.io.txt.vec,0
DeFIRE CWAP whitepapers - whitepaper.io.txt.vec,0
DeGate DG whitepapers - whitepaper.io.txt.vec,-1
Delphy DPY whitepapers - whitepaper.io.txt.vec,0
delta.theta DLTA whitepapers - whitepaper.io.txt.vec,-1
Denarius D whitepapers - whitepaper.io.txt.vec,0
DenDomains DDN whitepapers - whitepaper.io.txt.vec,0
Dent DENT whitepapers - whitepaper.io.txt.vec,0
Dentacoin DCN whitepapers - whitepaper.io.txt.vec,0
Dequant DEQ whitepapers - whitepaper.io.txt.vec,0
Dero DERO whitepapers - whitepaper.io.txt.vec,0
DeXe DEXE whitepapers - whitepaper.io.txt.vec,0
Dexfin DXF whitepapers - whitepaper.io.txt.vec,0
dFund DFND whitepapers - whitepaper.io.txt.vec,0
Dfyn Network DFYN whitepapers - whitepaper.io.txt.vec,0
Diabolo DCASH whitepapers - whitepaper.io.txt.vec,0
Diamond DMD whitepapers - whitepaper.io.txt.vec,0
DigiByte DGB whitepapers - whitepaper.io.txt.vec,0
DigitalBits XDB whitepapers - whitepaper.io.txt.vec,-1
DigitalNote XDN whitepapers - whitepaper.io.txt.vec,0
Digitex Futures DGTX whitepapers - whitepaper.io.txt.vec,-1
Digix Gold DGX whitepapers - whitepaper.io.txt.vec,0
DigixDAO DGD whitepapers - whitepaper.io.txt.vec,0
DIMCOIN DIM whitepapers - whitepaper.io.txt.vec,0
Dimecoin DIME whitepapers - whitepaper.io.txt.vec,0
DinoX DNXC whitepapers - whitepaper.io.txt.vec,0
Dionpay DION whitepapers - whitepaper.io.txt.vec,0
District0x DNT whitepapers - whitepaper.io.txt.vec,0
Divi DIVX whitepapers - whitepaper.io.txt.vec,0
dKargo DKA whitepapers - whitepaper.io.txt.vec,-1
DMarket DMT whitepapers - whitepaper.io.txt.vec,0
Docademic MTC whitepapers - whitepaper.io.txt.vec,0
Dock DOCK whitepapers - whitepaper.io.txt.vec,-1
Documentchain DMS whitepapers - whitepaper.io.txt.vec,0
DODO DODO whitepapers - whitepaper.io.txt.vec,-1
DogeBNB.org DOGEBNB whitepapers - whitepaper.io.txt.vec,0
Dogecoin DOGE whitepapers - whitepaper.io.txt.vec,0
DogeFather FATHER whitepapers - whitepaper.io.txt.vec,0
Dogelana DGLN whitepapers - whitepaper.io.txt.vec,0
Dogira DOGIRA whitepapers - whitepaper.io.txt.vec,0
DoKEN DOKEN whitepapers - whitepaper.io.txt.vec,0
Don-key DON whitepapers - whitepaper.io.txt.vec,0
DOSE DOSE whitepapers - whitepaper.io.txt.vec,0
DracooMaster BAS whitepapers - whitepaper.io.txt.vec,0
DraftCoin DFT whitepapers - whitepaper.io.txt.vec,0
DragonBite BITE whitepapers - whitepaper.io.txt.vec,0
Dragonchain DRGN whitepapers - whitepaper.io.txt.vec,0
DragonVein DVC whitepapers - whitepaper.io.txt.vec,0
DRIFE DRF whitepapers - whitepaper.io.txt.vec,0
Dropil DROP whitepapers - whitepaper.io.txt.vec,-1
DSLA Protocol DSLA whitepapers - whitepaper.io.txt.vec,-1
Dublr DUBLR whitepapers - whitepaper.io.txt.vec,-1
DuckDaoDime DDIM whitepapers - whitepaper.io.txt.vec,0
Ducks Finance DCKS whitepapers - whitepaper.io.txt.vec,0
Dusk Network DUSK whitepapers - whitepaper.io.txt.vec,-1
Duzce Token DUZCE whitepapers - whitepaper.io.txt.vec,1
DxChain DX whitepapers - whitepaper.io.txt.vec,0
Dynamite DYNMT whitepapers - whitepaper.io.txt.vec,0
Eagle Token EAGLE whitepapers - whitepaper.io.txt.vec,0
Earneo RNO whitepapers - whitepaper.io.txt.vec,0
ECC ECC whitepapers - whitepaper.io.txt.vec,0
Ecoreal Estate ECOREAL whitepapers - whitepaper.io.txt.vec,0
EDC Blockchain EDC whitepapers - whitepaper.io.txt.vec,0
Edgeless EDG whitepapers - whitepaper.io.txt.vec,0
Edgeware EDG whitepapers - whitepaper.io.txt.vec,-1
Effect Network EFX whitepapers - whitepaper.io.txt.vec,-1
Efforce WOZX whitepapers - whitepaper.io.txt.vec,-1
Egretia EGT whitepapers - whitepaper.io.txt.vec,0
Einsteinium EMC2 whitepapers - whitepaper.io.txt.vec,0
Elastic XEL whitepapers - whitepaper.io.txt.vec,-1
Elastos ELA whitepapers - whitepaper.io.txt.vec,0
Electra ECA whitepapers - whitepaper.io.txt.vec,0
Electric Vehicle Zone EVZ whitepapers - whitepaper.io.txt.vec,0
Elitium EUM whitepapers - whitepaper.io.txt.vec,0
Elrond EGLD whitepapers - whitepaper.io.txt.vec,-1
Emocoin EMO whitepapers - whitepaper.io.txt.vec,0
Empire Token EMPIRE whitepapers - whitepaper.io.txt.vec,0
Enecuum ENQ whitepapers - whitepaper.io.txt.vec,-1
Energi NRG whitepapers - whitepaper.io.txt.vec,0
Energo TSL whitepapers - whitepaper.io.txt.vec,0
Energy Web Token EWT whitepapers - whitepaper.io.txt.vec,-1
Enigma ENG whitepapers - whitepaper.io.txt.vec,-1
Enjin Coin ENJ whitepapers - whitepaper.io.txt.vec,-1
Entercoin ENTRC whitepapers - whitepaper.io.txt.vec,0
Envion EVN whitepapers - whitepaper.io.txt.vec,-1
EOS EOS whitepapers - whitepaper.io.txt.vec,-1
EpiK Protocol EPK whitepapers - whitepaper.io.txt.vec,-1
Equal EQL whitepapers - whitepaper.io.txt.vec,0
Era Swap ES whitepapers - whitepaper.io.txt.vec,-1
Ergo ERG whitepapers - whitepaper.io.txt.vec,-1
ERON PROJECT ERON whitepapers - whitepaper.io.txt.vec,0
Esportbits HLT whitepapers - whitepaper.io.txt.vec,0
ESR Coin ESRC whitepapers - whitepaper.io.txt.vec,0
Ethera ETA whitepapers - whitepaper.io.txt.vec,0
Ethereum ETH whitepapers - whitepaper.io.txt.vec,0
Ethereum Meta ETHM whitepapers - whitepaper.io.txt.vec,0
Etheroll DICE whitepapers - whitepaper.io.txt.vec,-1
Etherparty FUEL whitepapers - whitepaper.io.txt.vec,0
EtherZero ETZ whitepapers - whitepaper.io.txt.vec,-1
Etho Protocol ETHO whitepapers - whitepaper.io.txt.vec,0
Ethos ETHOS whitepapers - whitepaper.io.txt.vec,0
ETNA Network ETNA whitepapers - whitepaper.io.txt.vec,0
EurocoinToken ECTE whitepapers - whitepaper.io.txt.vec,0
Everex EVX whitepapers - whitepaper.io.txt.vec,-1
Everscale EVER whitepapers - whitepaper.io.txt.vec,-1
Everus EVR whitepapers - whitepaper.io.txt.vec,0
EvidenZ BCDT whitepapers - whitepaper.io.txt.vec,0
EVRYNET EVRY whitepapers - whitepaper.io.txt.vec,0
ExchangeCoin EXCC whitepapers - whitepaper.io.txt.vec,0
Eximchain EXC whitepapers - whitepaper.io.txt.vec,-1
EXMO EXM whitepapers - whitepaper.io.txt.vec,0
EXMR FDN EXMR whitepapers - whitepaper.io.txt.vec,0
eXPerience Chain XPC whitepapers - whitepaper.io.txt.vec,-1
Experience Points XP whitepapers - whitepaper.io.txt.vec,0
Faceter FACE whitepapers - whitepaper.io.txt.vec,0
Factom FCT whitepapers - whitepaper.io.txt.vec,0
Falcon Project FNT whitepapers - whitepaper.io.txt.vec,0
Fanspel FAN whitepapers - whitepaper.io.txt.vec,0
Fantom FTM whitepapers - whitepaper.io.txt.vec,0
FantomStarter FS whitepapers - whitepaper.io.txt.vec,0
Fei Protocol FEI whitepapers - whitepaper.io.txt.vec,5
Felix FLX whitepapers - whitepaper.io.txt.vec,0
Ferret Token FERRET whitepapers - whitepaper.io.txt.vec,0
Fetch FET whitepapers - whitepaper.io.txt.vec,-1
FibSWAP DEx FIBO whitepapers - whitepaper.io.txt.vec,0
Filecoin FIL whitepapers - whitepaper.io.txt.vec,-1
FileStar STAR whitepapers - whitepaper.io.txt.vec,-1
Finance.Vote FVT whitepapers - whitepaper.io.txt.vec,-1
Findora FRA whitepapers - whitepaper.io.txt.vec,-1
Flash FLASH whitepapers - whitepaper.io.txt.vec,-1
Flexacoin FXC whitepapers - whitepaper.io.txt.vec,0
Flits FLS whitepapers - whitepaper.io.txt.vec,0
Florin XFL whitepapers - whitepaper.io.txt.vec,6
Flow (Dapper Labs) FLOW whitepapers - whitepaper.io.txt.vec,-1
Flurry Finance FLURRY whitepapers - whitepaper.io.txt.vec,0
FlypMe FYP whitepapers - whitepaper.io.txt.vec,0
FOAM FOAM whitepapers - whitepaper.io.txt.vec,0
Footballcoin (XFC) XFC whitepapers - whitepaper.io.txt.vec,0
FortKnoxster FKX whitepapers - whitepaper.io.txt.vec,0
Fortress Lending FTS whitepapers - whitepaper.io.txt.vec,0
Fortuna FOTA whitepapers - whitepaper.io.txt.vec,-1
FOX TOKEN FOX whitepapers - whitepaper.io.txt.vec,0
FREE Coin FREE whitepapers - whitepaper.io.txt.vec,0
Freicoin FRC whitepapers - whitepaper.io.txt.vec,-1
FrogeX FROGEX whitepapers - whitepaper.io.txt.vec,0
Frostbyte null whitepapers - whitepaper.io.txt.vec,0
Fruits null whitepapers - whitepaper.io.txt.vec,0
FTX Token FTT whitepapers - whitepaper.io.txt.vec,0
Function X FX whitepapers - whitepaper.io.txt.vec,0
Funder One Capital FUNDX whitepapers - whitepaper.io.txt.vec,0
FunFair FUN whitepapers - whitepaper.io.txt.vec,0
Furries Exclusive Polygon (ERC-721) whitepapers - whitepaper.io.txt.vec,0
Fusion FSN whitepapers - whitepaper.io.txt.vec,7
FuzeX FXT whitepapers - whitepaper.io.txt.vec,0
FYDcoin FYD whitepapers - whitepaper.io.txt.vec,0
Gale Network GALE whitepapers - whitepaper.io.txt.vec,0
Game Ace Token GAT whitepapers - whitepaper.io.txt.vec,-1
GamerCoin GHX whitepapers - whitepaper.io.txt.vec,0
GamesPad GMPD whitepapers - whitepaper.io.txt.vec,0
GAPS GAP whitepapers - whitepaper.io.txt.vec,-1
Gari Network GARI whitepapers - whitepaper.io.txt.vec,0
GEARZ SOLANA whitepapers - whitepaper.io.txt.vec,0
Gemini Dollar GUSD whitepapers - whitepaper.io.txt.vec,0
Gems GEM whitepapers - whitepaper.io.txt.vec,-1
Genaro Network GNX whitepapers - whitepaper.io.txt.vec,0
Genshiro GENS whitepapers - whitepaper.io.txt.vec,0
GeoDB GEO whitepapers - whitepaper.io.txt.vec,8
Ghost null whitepapers - whitepaper.io.txt.vec,0
Gifto GTO whitepapers - whitepaper.io.txt.vec,0
GINcoin GIN whitepapers - whitepaper.io.txt.vec,0
Gleec GLEEC whitepapers - whitepaper.io.txt.vec,0
Glitch GLCH whitepapers - whitepaper.io.txt.vec,0
GlitzKoin GTN whitepapers - whitepaper.io.txt.vec,0
Globiance GBEX whitepapers - whitepaper.io.txt.vec,0
Gnosis GNO whitepapers - whitepaper.io.txt.vec,-1
GNY GNY whitepapers - whitepaper.io.txt.vec,0
Gods Unchained GODS whitepapers - whitepaper.io.txt.vec,0
Gold Bits Coin GBC whitepapers - whitepaper.io.txt.vec,0
Gold Secured Currency GSX whitepapers - whitepaper.io.txt.vec,-1
Golden Goal GDG whitepapers - whitepaper.io.txt.vec,0
Golden Goose GOLD whitepapers - whitepaper.io.txt.vec,0
Golem GLM whitepapers - whitepaper.io.txt.vec,0
Good Driver Reward Token GDRT whitepapers - whitepaper.io.txt.vec,0
Good Person Coin GPCX whitepapers - whitepaper.io.txt.vec,0
Goons of Balatroon GOB whitepapers - whitepaper.io.txt.vec,0
GoWithMi GMAT whitepapers - whitepaper.io.txt.vec,0
GPEX GPX whitepapers - whitepaper.io.txt.vec,0
Graft GRFT whitepapers - whitepaper.io.txt.vec,0
Graphlinq Protocol GLQ whitepapers - whitepaper.io.txt.vec,0
Gravity Finance GFI whitepapers - whitepaper.io.txt.vec,0
Green Climate World WGC whitepapers - whitepaper.io.txt.vec,0
GreenPower GRN whitepapers - whitepaper.io.txt.vec,-1
Grexie GREX whitepapers - whitepaper.io.txt.vec,0
Grid+ GRID whitepapers - whitepaper.io.txt.vec,0
GridCoin GRC whitepapers - whitepaper.io.txt.vec,-1
Groestlcoin GRS whitepapers - whitepaper.io.txt.vec,-1
GTI Token GTI whitepapers - whitepaper.io.txt.vec,0
Guild of Guardians GOG whitepapers - whitepaper.io.txt.vec,0
Gulden NLG whitepapers - whitepaper.io.txt.vec,6
Gulf Coin GULF whitepapers - whitepaper.io.txt.vec,0
GXChain GXC whitepapers - whitepaper.io.txt.vec,0
GYEN GYEN whitepapers - whitepaper.io.txt.vec,0
H2O Securities H2ON whitepapers - whitepaper.io.txt.vec,-1
Hachiko Inu INU whitepapers - whitepaper.io.txt.vec,0
Hacken Token HAI whitepapers - whitepaper.io.txt.vec,0
HALO network HO whitepapers - whitepaper.io.txt.vec,0
HappyFans HAPPY whitepapers - whitepaper.io.txt.vec,0
Hare Plus HARE PLUS whitepapers - whitepaper.io.txt.vec,0
Harmony ONE whitepapers - whitepaper.io.txt.vec,9
Hathor HTR whitepapers - whitepaper.io.txt.vec,-1
Haven Protocol XHV whitepapers - whitepaper.io.txt.vec,0
Havven HAV whitepapers - whitepaper.io.txt.vec,10
HEADLINE HDL whitepapers - whitepaper.io.txt.vec,-1
Hedera Hashgraph HBAR whitepapers - whitepaper.io.txt.vec,0
Hedget HGET whitepapers - whitepaper.io.txt.vec,0
HedgeTrade HEDG whitepapers - whitepaper.io.txt.vec,0
Hegic HEGIC whitepapers - whitepaper.io.txt.vec,-1
Helium HNT whitepapers - whitepaper.io.txt.vec,-1
Hellenic Coin HNC whitepapers - whitepaper.io.txt.vec,0
HempCoin THC whitepapers - whitepaper.io.txt.vec,0
HEROcoin PLAY whitepapers - whitepaper.io.txt.vec,0
Heros Token HEROS whitepapers - whitepaper.io.txt.vec,0
HexxCoin HXX whitepapers - whitepaper.io.txt.vec,0
HI HI whitepapers - whitepaper.io.txt.vec,0
Hiblocks HIBS whitepapers - whitepaper.io.txt.vec,-1
Hifi Finance MFT whitepapers - whitepaper.io.txt.vec,-1
High Performance Blockchain HPB whitepapers - whitepaper.io.txt.vec,0
Hintchain HINT whitepapers - whitepaper.io.txt.vec,0
HitBTC Token HIT whitepapers - whitepaper.io.txt.vec,0
Hithotx HITX whitepapers - whitepaper.io.txt.vec,0
HITOP HITOP whitepapers - whitepaper.io.txt.vec,0
Hive HIVE whitepapers - whitepaper.io.txt.vec,-1
HK Coin HKC whitepapers - whitepaper.io.txt.vec,0
HollyGold HGOLD whitepapers - whitepaper.io.txt.vec,0
Holo HOT whitepapers - whitepaper.io.txt.vec,-1
holoride RIDE whitepapers - whitepaper.io.txt.vec,0
HOME SCHOOL AND SPORTS YOUTH STARS USD whitepapers - whitepaper.io.txt.vec,0
Homeros HMR whitepapers - whitepaper.io.txt.vec,0
Honey HNY whitepapers - whitepaper.io.txt.vec,-1
HongKetoCoin HKC whitepapers - whitepaper.io.txt.vec,0
Hop Protocol HOP whitepapers - whitepaper.io.txt.vec,0
HOPPY HOP whitepapers - whitepaper.io.txt.vec,0
Horde HOR whitepapers - whitepaper.io.txt.vec,0
HoriemonCard HOR whitepapers - whitepaper.io.txt.vec,0
Horizon State HST whitepapers - whitepaper.io.txt.vec,-1
HotMoon Token HOTMOON whitepapers - whitepaper.io.txt.vec,0
Hshare (Hcash) HSR whitepapers - whitepaper.io.txt.vec,0
HTMLCOIN HTML whitepapers - whitepaper.io.txt.vec,0
Hub - Human Trust Protocol HUB whitepapers - whitepaper.io.txt.vec,-1
Hulk Inu HULK whitepapers - whitepaper.io.txt.vec,0
Humaniq HMQ whitepapers - whitepaper.io.txt.vec,0
Humanscape HUM whitepapers - whitepaper.io.txt.vec,0
HUNT HUNT whitepapers - whitepaper.io.txt.vec,0
Huobi Pool Token HPT whitepapers - whitepaper.io.txt.vec,0
HUPAYX HPX whitepapers - whitepaper.io.txt.vec,0
Hydra HYDRA whitepapers - whitepaper.io.txt.vec,0
Hydro Protocol HOT whitepapers - whitepaper.io.txt.vec,0
Hydrogen HYDRO whitepapers - whitepaper.io.txt.vec,0
Hyperion HYN whitepapers - whitepaper.io.txt.vec,0
Hyperspace XSC whitepapers - whitepaper.io.txt.vec,0
Hyve HYVE whitepapers - whitepaper.io.txt.vec,0
IBStoken IBS whitepapers - whitepaper.io.txt.vec,0
Icel Idman Yurdu Token MIY whitepapers - whitepaper.io.txt.vec,1
ICON ICX whitepapers - whitepaper.io.txt.vec,0
Idavoll DAO IDV whitepapers - whitepaper.io.txt.vec,0
Idea Chain Coin ICH whitepapers - whitepaper.io.txt.vec,0
IDEAS IDS whitepapers - whitepaper.io.txt.vec,0
Idena IDNA whitepapers - whitepaper.io.txt.vec,0
Identity IDTT whitepapers - whitepaper.io.txt.vec,0
IDK IDK whitepapers - whitepaper.io.txt.vec,0
iExec RLC whitepapers - whitepaper.io.txt.vec,0
Ignis IGNIS whitepapers - whitepaper.io.txt.vec,3
IHT Real Estate Protocol IHT whitepapers - whitepaper.io.txt.vec,0
IjasCoin IJC whitepapers - whitepaper.io.txt.vec,0
ILCoin ILC whitepapers - whitepaper.io.txt.vec,0
ImageCoin IMG whitepapers - whitepaper.io.txt.vec,0
ImpulseVen VEN whitepapers - whitepaper.io.txt.vec,0
Indigo Protocol null whitepapers - whitepaper.io.txt.vec,0
Indorse IND whitepapers - whitepaper.io.txt.vec,0
Inflation Hedging Coin IHC whitepapers - whitepaper.io.txt.vec,0
Infomatix INFO whitepapers - whitepaper.io.txt.vec,0
Ink INK whitepapers - whitepaper.io.txt.vec,0
INLOCK ILK whitepapers - whitepaper.io.txt.vec,0
INMAX INX whitepapers - whitepaper.io.txt.vec,0
InnovaMinex MINX whitepapers - whitepaper.io.txt.vec,-1
INO COIN INO whitepapers - whitepaper.io.txt.vec,0
INS Ecosystem INS whitepapers - whitepaper.io.txt.vec,0
Insight Chain INB whitepapers - whitepaper.io.txt.vec,-1
Insights Network INSTAR whitepapers - whitepaper.io.txt.vec,0
Insolar XNS whitepapers - whitepaper.io.txt.vec,-1
InsurAce INSUR whitepapers - whitepaper.io.txt.vec,0
inSure DeFi SURE whitepapers - whitepaper.io.txt.vec,0
Insureum ISR whitepapers - whitepaper.io.txt.vec,0
Integritee Network TEER whitepapers - whitepaper.io.txt.vec,-1
Internet Computer ICP whitepapers - whitepaper.io.txt.vec,-1
Internet Node Token INT whitepapers - whitepaper.io.txt.vec,0
Intexcoin INTX whitepapers - whitepaper.io.txt.vec,-1
INU INU whitepapers - whitepaper.io.txt.vec,0
InvestFeed IFT whitepapers - whitepaper.io.txt.vec,0
IOI Token IOI whitepapers - whitepaper.io.txt.vec,0
IOStoken IOST whitepapers - whitepaper.io.txt.vec,9
IOTA MIOTA whitepapers - whitepaper.io.txt.vec,-1
IOTEN IOTN whitepapers - whitepaper.io.txt.vec,0
IoTeX IOTX whitepapers - whitepaper.io.txt.vec,0
IQeon IQN whitepapers - whitepaper.io.txt.vec,0
Isiklar Coin ISIKC whitepapers - whitepaper.io.txt.vec,0
ITAM Games ITAM whitepapers - whitepaper.io.txt.vec,0
Ivy IVY whitepapers - whitepaper.io.txt.vec,0
IX Swap IXS whitepapers - whitepaper.io.txt.vec,0
IXledger IXT whitepapers - whitepaper.io.txt.vec,0
IZIChain IZI whitepapers - whitepaper.io.txt.vec,0
Jade Currency JADE whitepapers - whitepaper.io.txt.vec,0
Japan Content Token JCT whitepapers - whitepaper.io.txt.vec,-1
JasmyCoin JASMY whitepapers - whitepaper.io.txt.vec,0
Jax.Network WJXN whitepapers - whitepaper.io.txt.vec,-1
Jetset JTS whitepapers - whitepaper.io.txt.vec,0
Jibrel Network JNT whitepapers - whitepaper.io.txt.vec,0
Jinbi Token JNB whitepapers - whitepaper.io.txt.vec,0
JK Coin JK whitepapers - whitepaper.io.txt.vec,0
Jointer JNTR whitepapers - whitepaper.io.txt.vec,-1
Joys Digital JOYS whitepapers - whitepaper.io.txt.vec,0
JPY Coin v1 JPYC whitepapers - whitepaper.io.txt.vec,0
Jurat Jurat whitepapers - whitepaper.io.txt.vec,0
JUST JST whitepapers - whitepaper.io.txt.vec,0
Kaiken Shiba KSHIB whitepapers - whitepaper.io.txt.vec,0
Kalata KALA whitepapers - whitepaper.io.txt.vec,0
KalyCoin KalyCoin whitepapers - whitepaper.io.txt.vec,-1
KamPay KAMPAY whitepapers - whitepaper.io.txt.vec,0
KardiaChain KAI whitepapers - whitepaper.io.txt.vec,0
Karma KRM whitepapers - whitepaper.io.txt.vec,0
Kashima Inu SHIMA whitepapers - whitepaper.io.txt.vec,0
Kava Swap SWP whitepapers - whitepaper.io.txt.vec,0
Kava.io KAVA whitepapers - whitepaper.io.txt.vec,0
Keep Network KEEP whitepapers - whitepaper.io.txt.vec,-1
Keeps Coin KVERSE whitepapers - whitepaper.io.txt.vec,0
Kemacoin KEMA whitepapers - whitepaper.io.txt.vec,0
Kepler Network KMW whitepapers - whitepaper.io.txt.vec,0
KEYS KEYS whitepapers - whitepaper.io.txt.vec,0
Ki XKI whitepapers - whitepaper.io.txt.vec,0
KICKICO KICK whitepapers - whitepaper.io.txt.vec,0
Kilo Shiba Inu KSHIB whitepapers - whitepaper.io.txt.vec,0
KILT Protocol KILT whitepapers - whitepaper.io.txt.vec,0
Kin KIN whitepapers - whitepaper.io.txt.vec,0
Kingaru KRU whitepapers - whitepaper.io.txt.vec,0
KingDeFi KRW whitepapers - whitepaper.io.txt.vec,0
Kishimoto Kishimoto whitepapers - whitepaper.io.txt.vec,0
KISSAN KSN whitepapers - whitepaper.io.txt.vec,0
Kitty Coin Solana KITTY whitepapers - whitepaper.io.txt.vec,0
KittyCake KCAKE whitepapers - whitepaper.io.txt.vec,0
Klaytn KLAY whitepapers - whitepaper.io.txt.vec,0
Kleros PNK whitepapers - whitepaper.io.txt.vec,-1
Klever KLV whitepapers - whitepaper.io.txt.vec,0
KOK KOK whitepapers - whitepaper.io.txt.vec,0
KolisCoin Network KolisCoin(KOL) whitepapers - whitepaper.io.txt.vec,0
Komainu 0xfe88c952dfd9595f266bae053daaac411ccfaf07 whitepapers - whitepaper.io.txt.vec,0
Komodo KMD whitepapers - whitepaper.io.txt.vec,-1
KubeCoin KUBE whitepapers - whitepaper.io.txt.vec,0
KuCoin Shares KCS whitepapers - whitepaper.io.txt.vec,0
Kyber Network KNC whitepapers - whitepaper.io.txt.vec,0
Kylin KYL whitepapers - whitepaper.io.txt.vec,0
Kyrrex KRRX whitepapers - whitepaper.io.txt.vec,0
Lamden TAU whitepapers - whitepaper.io.txt.vec,0
Largo Coin LRG whitepapers - whitepaper.io.txt.vec,0
LaserEyes LSR whitepapers - whitepaper.io.txt.vec,0
Latium LATX whitepapers - whitepaper.io.txt.vec,0
LATOKEN LA whitepapers - whitepaper.io.txt.vec,0
Launchpad TG DAO 3.0 TGDAO whitepapers - whitepaper.io.txt.vec,0
LEOcoin LEO whitepapers - whitepaper.io.txt.vec,0
Leonicorn Swap ( LEON ) LEON whitepapers - whitepaper.io.txt.vec,0
Levolution LEVL whitepapers - whitepaper.io.txt.vec,0
LGO Exchange LGO whitepapers - whitepaper.io.txt.vec,-1
Libra Credit LBA whitepapers - whitepaper.io.txt.vec,0
Libra LIBRA whitepapers - whitepaper.io.txt.vec,2
Lido DAO LDO whitepapers - whitepaper.io.txt.vec,11
LIFE LIFE whitepapers - whitepaper.io.txt.vec,0
Light DeFi LIGHT whitepapers - whitepaper.io.txt.vec,0
Lightcoin LHC whitepapers - whitepaper.io.txt.vec,0
Lightstreams PHT whitepapers - whitepaper.io.txt.vec,0
Like2like LikeToken whitepapers - whitepaper.io.txt.vec,-1
LINA LINA whitepapers - whitepaper.io.txt.vec,0
Linda LINDA whitepapers - whitepaper.io.txt.vec,0
Linear LINA whitepapers - whitepaper.io.txt.vec,0
LINK LN whitepapers - whitepaper.io.txt.vec,0
Linker Coin LNC whitepapers - whitepaper.io.txt.vec,0
Linkey LKY whitepapers - whitepaper.io.txt.vec,0
LinkEye LET whitepapers - whitepaper.io.txt.vec,0
LinkSync SYNC whitepapers - whitepaper.io.txt.vec,0
LiquidApps DAPP whitepapers - whitepaper.io.txt.vec,0
Litecash CASH whitepapers - whitepaper.io.txt.vec,0
Litecoin Cash LCC whitepapers - whitepaper.io.txt.vec,-1
Litecoin LTC whitepapers - whitepaper.io.txt.vec,0
Litentry LIT whitepapers - whitepaper.io.txt.vec,-1
Litex LXT whitepapers - whitepaper.io.txt.vec,0
Little Angry Bunny v2 LAB v2 whitepapers - whitepaper.io.txt.vec,0
LocalTrade LTT whitepapers - whitepaper.io.txt.vec,0
LockTrip LOC whitepapers - whitepaper.io.txt.vec,0
Loki LOKI whitepapers - whitepaper.io.txt.vec,0
Loopring LRC whitepapers - whitepaper.io.txt.vec,-1
Loser Coin LOWB whitepapers - whitepaper.io.txt.vec,0
Lotus null whitepapers - whitepaper.io.txt.vec,12
LoyalCoin LYL whitepapers - whitepaper.io.txt.vec,0
LTO Network LTO whitepapers - whitepaper.io.txt.vec,0
Lucky Seven LST whitepapers - whitepaper.io.txt.vec,0
LunchMoney LMY whitepapers - whitepaper.io.txt.vec,0
Lunyr LUN whitepapers - whitepaper.io.txt.vec,0
LUXCoin LUX whitepapers - whitepaper.io.txt.vec,0
LUXO LUXO whitepapers - whitepaper.io.txt.vec,0
Lxveworld ETH whitepapers - whitepaper.io.txt.vec,0
Lympo LYM whitepapers - whitepaper.io.txt.vec,0
Maecenas ART whitepapers - whitepaper.io.txt.vec,0
MagnetGold MTG whitepapers - whitepaper.io.txt.vec,0
MaidSafeCoin MAID whitepapers - whitepaper.io.txt.vec,0
Mainston STON whitepapers - whitepaper.io.txt.vec,0
Maker MKR whitepapers - whitepaper.io.txt.vec,0
MANTRA DAO OM whitepapers - whitepaper.io.txt.vec,0
MAP Protocol MAP whitepapers - whitepaper.io.txt.vec,-1
MAPS MAPS whitepapers - whitepaper.io.txt.vec,0
MarsX MX whitepapers - whitepaper.io.txt.vec,0
MASQ MASQ whitepapers - whitepaper.io.txt.vec,0
MassGrid MGD whitepapers - whitepaper.io.txt.vec,0
Matchpool GUP whitepapers - whitepaper.io.txt.vec,-1
Matic Network MATIC whitepapers - whitepaper.io.txt.vec,0
Matrix AI Network MAN whitepapers - whitepaper.io.txt.vec,0
MausCoin France whitepapers - whitepaper.io.txt.vec,0
Maximine Coin MXM whitepapers - whitepaper.io.txt.vec,0
MCF Token MCF whitepapers - whitepaper.io.txt.vec,0
Mdex MDX whitepapers - whitepaper.io.txt.vec,0
Measurable Data Token MDT whitepapers - whitepaper.io.txt.vec,0
MediBloc MED whitepapers - whitepaper.io.txt.vec,-1
Medicalchain MTN whitepapers - whitepaper.io.txt.vec,0
Medicalveda MVEDA whitepapers - whitepaper.io.txt.vec,0
MedicCoin MEDIC whitepapers - whitepaper.io.txt.vec,0
MediShares MDS whitepapers - whitepaper.io.txt.vec,0
Melon MLN whitepapers - whitepaper.io.txt.vec,-1
MesChain MES whitepapers - whitepaper.io.txt.vec,0
META REVOLUTION WORLD - REVOLD GAME REVOLD Coin whitepapers - whitepaper.io.txt.vec,0
MetaDoge METADOGE whitepapers - whitepaper.io.txt.vec,0
Metal MTL whitepapers - whitepaper.io.txt.vec,0
Metaverse ETP ETP whitepapers - whitepaper.io.txt.vec,0
MetaWear WEAR whitepapers - whitepaper.io.txt.vec,0
Metis MTS whitepapers - whitepaper.io.txt.vec,-1
Metronome MET whitepapers - whitepaper.io.txt.vec,-1
MicroBitcoin MBC whitepapers - whitepaper.io.txt.vec,0
Microtuber MCT whitepapers - whitepaper.io.txt.vec,0
MiL.k MLK whitepapers - whitepaper.io.txt.vec,4
MILC Platform MLT whitepapers - whitepaper.io.txt.vec,0
MimbleWimbleCoin MWC whitepapers - whitepaper.io.txt.vec,0
MINDOL MIN whitepapers - whitepaper.io.txt.vec,0
MineBee MB whitepapers - whitepaper.io.txt.vec,0
Mines of Dalarnia DAR whitepapers - whitepaper.io.txt.vec,-1
MinexCoin MNX whitepapers - whitepaper.io.txt.vec,0
MiniBTC MINIBTC whitepapers - whitepaper.io.txt.vec,0
Minter Network BIP whitepapers - whitepaper.io.txt.vec,0
Mirrored iShares Silver Trust MSLV whitepapers - whitepaper.io.txt.vec,0
Mithril MITH whitepapers - whitepaper.io.txt.vec,0
MMOCoin MMO whitepapers - whitepaper.io.txt.vec,0
MOAC MOAC whitepapers - whitepaper.io.txt.vec,0
MobileGo MGO whitepapers - whitepaper.io.txt.vec,0
Mobilian Coin MBN whitepapers - whitepaper.io.txt.vec,0
Mobius MOBI whitepapers - whitepaper.io.txt.vec,-1
Modum MOD whitepapers - whitepaper.io.txt.vec,0
Monaco MCO whitepapers - whitepaper.io.txt.vec,0
MoneroV XMV whitepapers - whitepaper.io.txt.vec,0
Monetha MTH whitepapers - whitepaper.io.txt.vec,0
MongolNFT Coin MNFT whitepapers - whitepaper.io.txt.vec,0
MonoMoney MONO whitepapers - whitepaper.io.txt.vec,0
MoonLift Capital MLTPX whitepapers - whitepaper.io.txt.vec,0
Moonlight Token MOONLIGHT whitepapers - whitepaper.io.txt.vec,0
MoonTrustBSC MNTTBSC whitepapers - whitepaper.io.txt.vec,0
Morpher MPH whitepapers - whitepaper.io.txt.vec,0
Morpheus.Network MNW whitepapers - whitepaper.io.txt.vec,0
Moss Carbon Credit MCO2 whitepapers - whitepaper.io.txt.vec,-1
Moss Coin MOC whitepapers - whitepaper.io.txt.vec,0
Mothership MSP whitepapers - whitepaper.io.txt.vec,0
Motocoin MOTO whitepapers - whitepaper.io.txt.vec,0
MOVE Network MOVD whitepapers - whitepaper.io.txt.vec,0
MovieBloc MBL whitepapers - whitepaper.io.txt.vec,0
Mt Pelerin Shares MPS whitepapers - whitepaper.io.txt.vec,0
MultiVAC MTV whitepapers - whitepaper.io.txt.vec,-1
MVL MVL whitepapers - whitepaper.io.txt.vec,-1
My Crypto Play MCP whitepapers - whitepaper.io.txt.vec,0
My Master War MAT whitepapers - whitepaper.io.txt.vec,0
MyBit Token MYB whitepapers - whitepaper.io.txt.vec,0
MyNeighborAlice ALICE whitepapers - whitepaper.io.txt.vec,0
Mysterium MYST whitepapers - whitepaper.io.txt.vec,-1
MyToken MT whitepapers - whitepaper.io.txt.vec,0
N.Exchange NEX whitepapers - whitepaper.io.txt.vec,0
NAGA NGC whitepapers - whitepaper.io.txt.vec,0
NANJCOIN NANJ whitepapers - whitepaper.io.txt.vec,0
Nano NANO whitepapers - whitepaper.io.txt.vec,-1
Neblio NEBL whitepapers - whitepaper.io.txt.vec,0
Nebulas NAS whitepapers - whitepaper.io.txt.vec,0
Nectar NEC whitepapers - whitepaper.io.txt.vec,0
NEM XEM whitepapers - whitepaper.io.txt.vec,-1
Neo NEO whitepapers - whitepaper.io.txt.vec,0
Neopin NPT whitepapers - whitepaper.io.txt.vec,0
NEST Protocol NEST whitepapers - whitepaper.io.txt.vec,-1
Nesten NIT whitepapers - whitepaper.io.txt.vec,0
Nestree EGG whitepapers - whitepaper.io.txt.vec,0
Netrum NTR whitepapers - whitepaper.io.txt.vec,0
Nework NKC whitepapers - whitepaper.io.txt.vec,0
Newscrypto NWC whitepapers - whitepaper.io.txt.vec,0
Newton NEW whitepapers - whitepaper.io.txt.vec,0
NewYork Exchange NYE whitepapers - whitepaper.io.txt.vec,0
Nexo NEXO whitepapers - whitepaper.io.txt.vec,0
NEXT NET whitepapers - whitepaper.io.txt.vec,0
Nexty NTY whitepapers - whitepaper.io.txt.vec,0
Nexus NXS whitepapers - whitepaper.io.txt.vec,-1
Nezha ($NEZ) Nezha ($NEZ) whitepapers - whitepaper.io.txt.vec,0
NFT Champions CHAMP whitepapers - whitepaper.io.txt.vec,0
NFTY Token NFTY whitepapers - whitepaper.io.txt.vec,0
NftyPlay POLO whitepapers - whitepaper.io.txt.vec,0
NiiFi NIIFI whitepapers - whitepaper.io.txt.vec,-1
NKN NKN whitepapers - whitepaper.io.txt.vec,-1
Noah Coin NOAH whitepapers - whitepaper.io.txt.vec,0
Nodestats NS whitepapers - whitepaper.io.txt.vec,0
NoLimitCoin NLC2 whitepapers - whitepaper.io.txt.vec,0
Nominex NMX whitepapers - whitepaper.io.txt.vec,0
NOSHIT NSH whitepapers - whitepaper.io.txt.vec,0
NPCoin NPC whitepapers - whitepaper.io.txt.vec,0
NuBits USNBT whitepapers - whitepaper.io.txt.vec,-1
Nucleus Vision NCASH whitepapers - whitepaper.io.txt.vec,-1
NULS NULS whitepapers - whitepaper.io.txt.vec,0
Numeraire NMR whitepapers - whitepaper.io.txt.vec,-1
NuNet NTX whitepapers - whitepaper.io.txt.vec,-1
Nunu Spirits NNT whitepapers - whitepaper.io.txt.vec,0
Nxt NXT whitepapers - whitepaper.io.txt.vec,-1
Observer OBSR whitepapers - whitepaper.io.txt.vec,-1
Obyte GBYTE whitepapers - whitepaper.io.txt.vec,-1
Ocean Protocol OCEAN whitepapers - whitepaper.io.txt.vec,-1
ODEM ODE whitepapers - whitepaper.io.txt.vec,-1
ODIN PROTOCOL ODIN whitepapers - whitepaper.io.txt.vec,8
Odyssey OCN whitepapers - whitepaper.io.txt.vec,0
Olympus Labs MOT whitepapers - whitepaper.io.txt.vec,0
Olyverse OLY whitepapers - whitepaper.io.txt.vec,0
Omax Coin OMAX whitepapers - whitepaper.io.txt.vec,0
OMG Network OMG whitepapers - whitepaper.io.txt.vec,-1
Omni Real Estate Token ORT whitepapers - whitepaper.io.txt.vec,0
One Basis OBS whitepapers - whitepaper.io.txt.vec,0
OneRoot Network RNT whitepapers - whitepaper.io.txt.vec,0
Ontology ONT whitepapers - whitepaper.io.txt.vec,-1
Opal OPAL whitepapers - whitepaper.io.txt.vec,0
Open Rights Exchange ORE whitepapers - whitepaper.io.txt.vec,0
Orbs ORBS whitepapers - whitepaper.io.txt.vec,0
Orchid OXT whitepapers - whitepaper.io.txt.vec,-1
OriginTrail TRAC whitepapers - whitepaper.io.txt.vec,0
Origo OGO whitepapers - whitepaper.io.txt.vec,-1
ORIGYN Foundation OGY whitepapers - whitepaper.io.txt.vec,0
Orion Protocol ORN whitepapers - whitepaper.io.txt.vec,0
Ormeus Cash OMC whitepapers - whitepaper.io.txt.vec,0
Ormeus Ecosystem ECO whitepapers - whitepaper.io.txt.vec,0
OST OST whitepapers - whitepaper.io.txt.vec,-1
Outer Ring MMO (GQ) GQ whitepapers - whitepaper.io.txt.vec,0
Overmoon OVM whitepapers - whitepaper.io.txt.vec,0
OVR OVR whitepapers - whitepaper.io.txt.vec,0
Oxbull.tech OXB whitepapers - whitepaper.io.txt.vec,0
Oxen OXEN whitepapers - whitepaper.io.txt.vec,0
Oyster PRL whitepapers - whitepaper.io.txt.vec,-1
PACcoin $PAC whitepapers - whitepaper.io.txt.vec,0
Pacoca PACOCA whitepapers - whitepaper.io.txt.vec,0
PAID Network PAID whitepapers - whitepaper.io.txt.vec,0
Parex PRX whitepapers - whitepaper.io.txt.vec,-1
Paribus PBX whitepapers - whitepaper.io.txt.vec,0
Pascal Coin PASC whitepapers - whitepaper.io.txt.vec,-1
Pawthereum PAWTH whitepapers - whitepaper.io.txt.vec,0
PAX Gold PAXG whitepapers - whitepaper.io.txt.vec,0
Paxos Standard Token PAX whitepapers - whitepaper.io.txt.vec,0
Paypex PAYX whitepapers - whitepaper.io.txt.vec,0
PayPie PPP whitepapers - whitepaper.io.txt.vec,0
PeaceTokenFinance PET whitepapers - whitepaper.io.txt.vec,0
PEAKDEFI PEAK whitepapers - whitepaper.io.txt.vec,0
Peercoin PPC whitepapers - whitepaper.io.txt.vec,0
Peerplays PPY whitepapers - whitepaper.io.txt.vec,0
pEOS PEOS whitepapers - whitepaper.io.txt.vec,0
PERI Finance PERI whitepapers - whitepaper.io.txt.vec,0
Perlin PERL whitepapers - whitepaper.io.txt.vec,-1
Perth Mint Gold Token PMGT whitepapers - whitepaper.io.txt.vec,0
Phala.Network PHA whitepapers - whitepaper.io.txt.vec,-1
Phantasma SOUL whitepapers - whitepaper.io.txt.vec,-1
Phoenix Global [old] PHX whitepapers - whitepaper.io.txt.vec,0
Phoenix PHB whitepapers - whitepaper.io.txt.vec,0
Phore PHR whitepapers - whitepaper.io.txt.vec,0
PIBBLE PIB whitepapers - whitepaper.io.txt.vec,0
Piccolo Inu PINU whitepapers - whitepaper.io.txt.vec,0
Pillar PLR whitepapers - whitepaper.io.txt.vec,0
PIVX PIVX whitepapers - whitepaper.io.txt.vec,0
PLATINCOIN PLC whitepapers - whitepaper.io.txt.vec,0
PlatON LAT whitepapers - whitepaper.io.txt.vec,0
PlayChip PLA whitepapers - whitepaper.io.txt.vec,-1
PlayFuel PLF whitepapers - whitepaper.io.txt.vec,0
Playkey PKT whitepapers - whitepaper.io.txt.vec,0
PLT PLT whitepapers - whitepaper.io.txt.vec,0
PL^Gnet PLUG whitepapers - whitepaper.io.txt.vec,0
pNetwork PNT whitepapers - whitepaper.io.txt.vec,-1
POA POA whitepapers - whitepaper.io.txt.vec,-1
Polaris Share POLA whitepapers - whitepaper.io.txt.vec,-1
Polkadot DOT whitepapers - whitepaper.io.txt.vec,-1
Polkastarter POLS whitepapers - whitepaper.io.txt.vec,0
PolkaWar PWAR whitepapers - whitepaper.io.txt.vec,0
Pollux Coin POX whitepapers - whitepaper.io.txt.vec,0
Polybius PLBT whitepapers - whitepaper.io.txt.vec,0
Polygon MATIC whitepapers - whitepaper.io.txt.vec,0
Polymath POLY whitepapers - whitepaper.io.txt.vec,-1
PolySwarm NCT whitepapers - whitepaper.io.txt.vec,-1
POMCOIN POMC whitepapers - whitepaper.io.txt.vec,0
PonziCoin PONZI whitepapers - whitepaper.io.txt.vec,-1
Populous PPT whitepapers - whitepaper.io.txt.vec,0
PornVerse PVERSE whitepapers - whitepaper.io.txt.vec,0
Portuma POR whitepapers - whitepaper.io.txt.vec,0
Poseidon Network QQQ whitepapers - whitepaper.io.txt.vec,0
Position Exchange POSI whitepapers - whitepaper.io.txt.vec,-1
Power Ledger POWR whitepapers - whitepaper.io.txt.vec,0
PRCY Coin PRCY whitepapers - whitepaper.io.txt.vec,0
Predictcoin PRED whitepapers - whitepaper.io.txt.vec,0
Presearch PRE whitepapers - whitepaper.io.txt.vec,-1
PressOne PRS whitepapers - whitepaper.io.txt.vec,0
Primas PST whitepapers - whitepaper.io.txt.vec,0
Primecoin XPM whitepapers - whitepaper.io.txt.vec,-1
PRIVATEUM INITIATIVE PRI whitepapers - whitepaper.io.txt.vec,-1
PRIZM PZM whitepapers - whitepaper.io.txt.vec,0
ProChain PRA whitepapers - whitepaper.io.txt.vec,0
Project Pai PAI whitepapers - whitepaper.io.txt.vec,0
Prometeus PROM whitepapers - whitepaper.io.txt.vec,-1
Promise PROMISE whitepapers - whitepaper.io.txt.vec,0
Propy PRO whitepapers - whitepaper.io.txt.vec,0
ProSwap PROS whitepapers - whitepaper.io.txt.vec,0
Proton XPR whitepapers - whitepaper.io.txt.vec,0
PROXI CREDIT whitepapers - whitepaper.io.txt.vec,0
ProximaX XPX whitepapers - whitepaper.io.txt.vec,0
PumpETH PETH whitepapers - whitepaper.io.txt.vec,0
Pundi X (New) PUNDIX whitepapers - whitepaper.io.txt.vec,0
Pundi X NPXS whitepapers - whitepaper.io.txt.vec,0
Punk.Network PUNK whitepapers - whitepaper.io.txt.vec,0
Pura PURA whitepapers - whitepaper.io.txt.vec,0
PUTinCoin PUT whitepapers - whitepaper.io.txt.vec,0
QASH (LIQUID) QASH whitepapers - whitepaper.io.txt.vec,0
QATAR 2022 TOKEN FWC whitepapers - whitepaper.io.txt.vec,0
Qbao QBT whitepapers - whitepaper.io.txt.vec,0
Qbic QBIC whitepapers - whitepaper.io.txt.vec,0
Qcash QC whitepapers - whitepaper.io.txt.vec,0
QLCchain QLC whitepapers - whitepaper.io.txt.vec,0
Qtum QTUM whitepapers - whitepaper.io.txt.vec,-1
Quant QNT whitepapers - whitepaper.io.txt.vec,-1
Quantis Network QUAN whitepapers - whitepaper.io.txt.vec,0
Quantum Resistant Ledger QRL whitepapers - whitepaper.io.txt.vec,-1
QuarkChain QKC whitepapers - whitepaper.io.txt.vec,0
QuinCoin QIN whitepapers - whitepaper.io.txt.vec,0
QunQun QUN whitepapers - whitepaper.io.txt.vec,0
Radium RADS whitepapers - whitepaper.io.txt.vec,0
Rakon RKN whitepapers - whitepaper.io.txt.vec,0
RAKUN RAKU whitepapers - whitepaper.io.txt.vec,0
Rangers Protocol RPG whitepapers - whitepaper.io.txt.vec,0
Rate3 RTE whitepapers - whitepaper.io.txt.vec,-1
Ravencoin RVN whitepapers - whitepaper.io.txt.vec,0
Raydium RAY whitepapers - whitepaper.io.txt.vec,0
RealFevr FEVR whitepapers - whitepaper.io.txt.vec,0
RealTract RET whitepapers - whitepaper.io.txt.vec,0
Reborn royalty by royal AI $Crown whitepapers - whitepaper.io.txt.vec,0
ReddCoin RDD whitepapers - whitepaper.io.txt.vec,0
Redemption Token RDTN whitepapers - whitepaper.io.txt.vec,0
RedFOX Labs RFOX whitepapers - whitepaper.io.txt.vec,0
Reef REEF whitepapers - whitepaper.io.txt.vec,0
Refereum RFR whitepapers - whitepaper.io.txt.vec,0
Remme REM whitepapers - whitepaper.io.txt.vec,0
Ren REN whitepapers - whitepaper.io.txt.vec,-1
Repo Coin REPO whitepapers - whitepaper.io.txt.vec,0
Request Network REQ whitepapers - whitepaper.io.txt.vec,0
Reserve Rights RSR whitepapers - whitepaper.io.txt.vec,-1
Retreeb TREEB whitepapers - whitepaper.io.txt.vec,0
Revain R whitepapers - whitepaper.io.txt.vec,0
REVV REVV whitepapers - whitepaper.io.txt.vec,0
Reward Hunters Token RHT whitepapers - whitepaper.io.txt.vec,0
rhoUSDT RHOUSDT whitepapers - whitepaper.io.txt.vec,0
Ricnatum RCNT whitepapers - whitepaper.io.txt.vec,-1
Rielcoin RIC whitepapers - whitepaper.io.txt.vec,0
RIF Token RIF whitepapers - whitepaper.io.txt.vec,0
RigoBlock GRG whitepapers - whitepaper.io.txt.vec,-1
RING X PLATFORM RINGX whitepapers - whitepaper.io.txt.vec,0
RioDeFi RFUEL whitepapers - whitepaper.io.txt.vec,0
Ripple XRP whitepapers - whitepaper.io.txt.vec,-1
Rise RISE whitepapers - whitepaper.io.txt.vec,0
Ritocoin RITO whitepapers - whitepaper.io.txt.vec,0
Robotina ROX whitepapers - whitepaper.io.txt.vec,-1
Rock (GBX Limited) RKT whitepapers - whitepaper.io.txt.vec,-1
Rocket Pool RPL whitepapers - whitepaper.io.txt.vec,-1
Rolaz Gold rGLD whitepapers - whitepaper.io.txt.vec,0
ROONEX RNX whitepapers - whitepaper.io.txt.vec,-1
Rupiah Token IDRT whitepapers - whitepaper.io.txt.vec,0
Safe Haven SHA whitepapers - whitepaper.io.txt.vec,-1
SafeCapital SCAP whitepapers - whitepaper.io.txt.vec,0
Safegem GEMS whitepapers - whitepaper.io.txt.vec,0
SafeInsure SINS whitepapers - whitepaper.io.txt.vec,0
SafeMoon Inu SMI whitepapers - whitepaper.io.txt.vec,0
SafeMoon SAFEMOON whitepapers - whitepaper.io.txt.vec,0
SafePal SFP whitepapers - whitepaper.io.txt.vec,0
SafuYield Protocol SAFUYIELD whitepapers - whitepaper.io.txt.vec,0
Saito SAITO whitepapers - whitepaper.io.txt.vec,-1
Sakaryaspor Token SKRY whitepapers - whitepaper.io.txt.vec,1
SALT SALT whitepapers - whitepaper.io.txt.vec,0
Santa Coin SANTA whitepapers - whitepaper.io.txt.vec,0
SaTT SATT whitepapers - whitepaper.io.txt.vec,0
SB GROUP SB whitepapers - whitepaper.io.txt.vec,0
Scallop SCLP whitepapers - whitepaper.io.txt.vec,-1
Scholarship Coin SCHO whitepapers - whitepaper.io.txt.vec,0
Scopuly SCOP whitepapers - whitepaper.io.txt.vec,0
ScPrime SCP whitepapers - whitepaper.io.txt.vec,0
SCRIV NETWORK SCRIV whitepapers - whitepaper.io.txt.vec,0
Seascape Crowns CWS whitepapers - whitepaper.io.txt.vec,0
Secret Network SCRT whitepapers - whitepaper.io.txt.vec,-1
Seele SEELE whitepapers - whitepaper.io.txt.vec,0
Sega Crown eth whitepapers - whitepaper.io.txt.vec,0
Selfkey KEY whitepapers - whitepaper.io.txt.vec,0
SelfSell SSC whitepapers - whitepaper.io.txt.vec,0
Sensorium SENSO whitepapers - whitepaper.io.txt.vec,-1
SEOR Network SEOR whitepapers - whitepaper.io.txt.vec,-1
Serum SRM whitepapers - whitepaper.io.txt.vec,0
SF Capital SFCP whitepapers - whitepaper.io.txt.vec,0
Shadow Token SHDW whitepapers - whitepaper.io.txt.vec,-1
ShareToken SHR whitepapers - whitepaper.io.txt.vec,0
SHIBA INU SHIB whitepapers - whitepaper.io.txt.vec,0
Shibaverse VERSE whitepapers - whitepaper.io.txt.vec,0
Shibnobi SHINJA whitepapers - whitepaper.io.txt.vec,0
Shibrobi SHIBORG whitepapers - whitepaper.io.txt.vec,0
Shield Protocol SHIELD whitepapers - whitepaper.io.txt.vec,0
SHIELD XSH whitepapers - whitepaper.io.txt.vec,0
Shift SHIFT whitepapers - whitepaper.io.txt.vec,-1
Shih Tzu SHIH whitepapers - whitepaper.io.txt.vec,0
ShipChain SHIP whitepapers - whitepaper.io.txt.vec,0
Shirtum SHI whitepapers - whitepaper.io.txt.vec,0
Shiryo SHIRYO whitepapers - whitepaper.io.txt.vec,0
Shivom OMX whitepapers - whitepaper.io.txt.vec,0
Shopping SPI whitepapers - whitepaper.io.txt.vec,0
Siacoin SC whitepapers - whitepaper.io.txt.vec,0
SIBCoin SIB whitepapers - whitepaper.io.txt.vec,0
SifChain erowan whitepapers - whitepaper.io.txt.vec,0
Signata SATA whitepapers - whitepaper.io.txt.vec,0
Silverway SLV whitepapers - whitepaper.io.txt.vec,0
SimpleDEFi $EASY whitepapers - whitepaper.io.txt.vec,0
SingularityNET AGI whitepapers - whitepaper.io.txt.vec,0
SKALE Network SKL whitepapers - whitepaper.io.txt.vec,-1
Skillchain SKI whitepapers - whitepaper.io.txt.vec,-1
Skycoin SKY whitepapers - whitepaper.io.txt.vec,0
SMART VALOR VALOR whitepapers - whitepaper.io.txt.vec,0
SmartCash SMART whitepapers - whitepaper.io.txt.vec,0
SmartMesh SMT whitepapers - whitepaper.io.txt.vec,-1
smARTOFGIVING AOG whitepapers - whitepaper.io.txt.vec,0
Smartshare SSP whitepapers - whitepaper.io.txt.vec,0
Snap Token SNAP whitepapers - whitepaper.io.txt.vec,0
Sneakerbox NFT null whitepapers - whitepaper.io.txt.vec,0
Sneakerbox NFT whitepapers - whitepaper.io.txt.vec,0
Soccer Dudes null whitepapers - whitepaper.io.txt.vec,0
Solana SOL whitepapers - whitepaper.io.txt.vec,-1
SOLBIT SBT whitepapers - whitepaper.io.txt.vec,0
Sologenic SOLO whitepapers - whitepaper.io.txt.vec,0
Solster Finance STR whitepapers - whitepaper.io.txt.vec,0
Solve Care SOLVE whitepapers - whitepaper.io.txt.vec,-1
SOMDEJ SDC whitepapers - whitepaper.io.txt.vec,0
SOMESING SSX whitepapers - whitepaper.io.txt.vec,0
Somnium SOM whitepapers - whitepaper.io.txt.vec,0
Somnium Space Cubes CUBE whitepapers - whitepaper.io.txt.vec,0
SONM SNM whitepapers - whitepaper.io.txt.vec,-1
Sora XOR whitepapers - whitepaper.io.txt.vec,0
SorachanCoin SORA whitepapers - whitepaper.io.txt.vec,-1
South African Tether xZAR whitepapers - whitepaper.io.txt.vec,0
Space Token SPACE whitepapers - whitepaper.io.txt.vec,0
SpaceChain SPC whitepapers - whitepaper.io.txt.vec,0
SparkPoint SRK whitepapers - whitepaper.io.txt.vec,0
Spartan Inu Spartan Inu whitepapers - whitepaper.io.txt.vec,0
SpectreSecurityCoin XSPC whitepapers - whitepaper.io.txt.vec,0
Sport and Leisure SNL whitepapers - whitepaper.io.txt.vec,0
Sportcash One SCONEX whitepapers - whitepaper.io.txt.vec,0
Sqfcoin SQFCOIN whitepapers - whitepaper.io.txt.vec,0
SquidGameToken SGT whitepapers - whitepaper.io.txt.vec,0
Stakeborg DAO STANDARD whitepapers - whitepaper.io.txt.vec,0
StakeNet XSN whitepapers - whitepaper.io.txt.vec,0
Star Atlas ATLAS whitepapers - whitepaper.io.txt.vec,0
StarLaunch STARS whitepapers - whitepaper.io.txt.vec,0
Starlink STARL whitepapers - whitepaper.io.txt.vec,0
StarSharks (SSS) SSS whitepapers - whitepaper.io.txt.vec,0
STASIS EURO EURS whitepapers - whitepaper.io.txt.vec,0
Status SNT whitepapers - whitepaper.io.txt.vec,0
Steem Dollars SBD whitepapers - whitepaper.io.txt.vec,13
Steemit STEEM whitepapers - whitepaper.io.txt.vec,13
Stellar XLM whitepapers - whitepaper.io.txt.vec,-1
STEM CELL COIN SCC whitepapers - whitepaper.io.txt.vec,0
STEPN GMT whitepapers - whitepaper.io.txt.vec,0
stETH (Lido) STETH whitepapers - whitepaper.io.txt.vec,11
STK STK whitepapers - whitepaper.io.txt.vec,0
STOA Network STA whitepapers - whitepaper.io.txt.vec,0
Storiqa STQ whitepapers - whitepaper.io.txt.vec,0
Storj STORJ whitepapers - whitepaper.io.txt.vec,-1
Storm STORM whitepapers - whitepaper.io.txt.vec,0
StorX Network SRX whitepapers - whitepaper.io.txt.vec,0
Stox STX whitepapers - whitepaper.io.txt.vec,0
STP STPT whitepapers - whitepaper.io.txt.vec,0
Stratos STOS whitepapers - whitepaper.io.txt.vec,0
Stream Protocol STPL whitepapers - whitepaper.io.txt.vec,-1
Streamr DATAcoin DATA whitepapers - whitepaper.io.txt.vec,0
Strike STRK whitepapers - whitepaper.io.txt.vec,0
Substratum SUB whitepapers - whitepaper.io.txt.vec,0
Sucrecoin XSR whitepapers - whitepaper.io.txt.vec,0
Sugarchain SUGAR whitepapers - whitepaper.io.txt.vec,0
SUN SUN whitepapers - whitepaper.io.txt.vec,0
SunContract SNC whitepapers - whitepaper.io.txt.vec,0
Super Zero SERO whitepapers - whitepaper.io.txt.vec,0
Supreme Finance HYPE whitepapers - whitepaper.io.txt.vec,0
Surfi Crypto SURFI whitepapers - whitepaper.io.txt.vec,12
Survive SURV whitepapers - whitepaper.io.txt.vec,0
SwapDEX Network null whitepapers - whitepaper.io.txt.vec,0
Swarm SWM whitepapers - whitepaper.io.txt.vec,0
Swash SWASH whitepapers - whitepaper.io.txt.vec,0
Sweetbridge SWC whitepapers - whitepaper.io.txt.vec,0
SwftCoin SWFTC whitepapers - whitepaper.io.txt.vec,0
Swingby SWINGBY whitepapers - whitepaper.io.txt.vec,0
Swipe SXP whitepapers - whitepaper.io.txt.vec,0
SwissBorg CHSB whitepapers - whitepaper.io.txt.vec,0
Switcheo SWTH whitepapers - whitepaper.io.txt.vec,0
SYL SYL whitepapers - whitepaper.io.txt.vec,0
Symbol XYM whitepapers - whitepaper.io.txt.vec,-1
Synthetix Network Token SNX whitepapers - whitepaper.io.txt.vec,10
Syntropy NOIA whitepapers - whitepaper.io.txt.vec,-1
Syscoin SYS whitepapers - whitepaper.io.txt.vec,-1
TaaS TAAS whitepapers - whitepaper.io.txt.vec,0
TAFToken TAF whitepapers - whitepaper.io.txt.vec,0
TAGZ5 TAGZ5 whitepapers - whitepaper.io.txt.vec,0
Tao XTO whitepapers - whitepaper.io.txt.vec,0
Tap XTP whitepapers - whitepaper.io.txt.vec,0
Tarush TAS whitepapers - whitepaper.io.txt.vec,0
TaTaTu TTU whitepapers - whitepaper.io.txt.vec,0
tBTC TBTC whitepapers - whitepaper.io.txt.vec,-1
Teddy Doge Teddy V2 whitepapers - whitepaper.io.txt.vec,1
Telcoin TEL whitepapers - whitepaper.io.txt.vec,0
TEN Wallet TENW whitepapers - whitepaper.io.txt.vec,0
Tenshi TENSHI whitepapers - whitepaper.io.txt.vec,0
TenUp TUP whitepapers - whitepaper.io.txt.vec,0
TenX PAY whitepapers - whitepaper.io.txt.vec,0
TERA TERA whitepapers - whitepaper.io.txt.vec,0
Ternio TERN whitepapers - whitepaper.io.txt.vec,0
Terra LUNA whitepapers - whitepaper.io.txt.vec,14
Terra Virtua Kolect TVK whitepapers - whitepaper.io.txt.vec,0
TerraClassicUSD USTC whitepapers - whitepaper.io.txt.vec,14
TerraKRW KRT whitepapers - whitepaper.io.txt.vec,14
test CODE whitepapers - whitepaper.io.txt.vec,0
testprod1103202201 testprod1103202201 whitepapers - whitepaper.io.txt.vec,0
testprod1103202203 testprod1103202203 whitepapers - whitepaper.io.txt.vec,0
testprod20221027 testprod20221027 whitepapers - whitepaper.io.txt.vec,0
testprod2022110305 testprod2022110305 whitepapers - whitepaper.io.txt.vec,0
teststagindb10272022 teststagindb10272022 whitepapers - whitepaper.io.txt.vec,0
teststagingdb001 teststagingdb001 whitepapers - whitepaper.io.txt.vec,0
Tether USDT whitepapers - whitepaper.io.txt.vec,0
Tezos XTZ whitepapers - whitepaper.io.txt.vec,-1
tGOLD TXAU whitepapers - whitepaper.io.txt.vec,0
The Currency Analytics TCAT whitepapers - whitepaper.io.txt.vec,0
The Force Protocol FOR whitepapers - whitepaper.io.txt.vec,0
The Sandbox SAND whitepapers - whitepaper.io.txt.vec,0
The Transfer Token TTT whitepapers - whitepaper.io.txt.vec,0
TheDopeDAO DOPE whitepapers - whitepaper.io.txt.vec,0
THEKEY TKY whitepapers - whitepaper.io.txt.vec,0
Theta Fuel TFUEL whitepapers - whitepaper.io.txt.vec,15
Theta Token THETA whitepapers - whitepaper.io.txt.vec,15
THORChain RUNE whitepapers - whitepaper.io.txt.vec,-1
ThunderCore TT whitepapers - whitepaper.io.txt.vec,-1
Ticko TICK whitepapers - whitepaper.io.txt.vec,0
Tidex Token TDX whitepapers - whitepaper.io.txt.vec,0
Tierion TNT whitepapers - whitepaper.io.txt.vec,-1
Tigereum TIG whitepapers - whitepaper.io.txt.vec,0
TikTok Dollar TTD whitepapers - whitepaper.io.txt.vec,0
TILWIKI TLW whitepapers - whitepaper.io.txt.vec,0
Time New Bank TNB whitepapers - whitepaper.io.txt.vec,0
Time Raiders XPND whitepapers - whitepaper.io.txt.vec,0
TitanSwap TITAN whitepapers - whitepaper.io.txt.vec,0
Tokamak Network TON whitepapers - whitepaper.io.txt.vec,-1
TokenBank TBANK whitepapers - whitepaper.io.txt.vec,0
TokenCard TKN whitepapers - whitepaper.io.txt.vec,0
Tokenlon Network Token LON whitepapers - whitepaper.io.txt.vec,0
Tokenomy TEN whitepapers - whitepaper.io.txt.vec,0
Toko Token TKO whitepapers - whitepaper.io.txt.vec,0
TomoChain TOMO whitepapers - whitepaper.io.txt.vec,0
TOP Network TOP whitepapers - whitepaper.io.txt.vec,0
Torex TOR whitepapers - whitepaper.io.txt.vec,0
Torum XTM whitepapers - whitepaper.io.txt.vec,0
Traders coin TRDC whitepapers - whitepaper.io.txt.vec,0
Tratok TRAT whitepapers - whitepaper.io.txt.vec,0
Travel Care TRAVEL whitepapers - whitepaper.io.txt.vec,0
TRDGtoken (ETH) TRDG whitepapers - whitepaper.io.txt.vec,0
TrezarCoin TZC whitepapers - whitepaper.io.txt.vec,0
Tribe TRIBE whitepapers - whitepaper.io.txt.vec,5
Trinity Network Credit TNC whitepapers - whitepaper.io.txt.vec,0
TRON TRX whitepapers - whitepaper.io.txt.vec,0
Truebit TRU whitepapers - whitepaper.io.txt.vec,-1
TrueChain TRUE whitepapers - whitepaper.io.txt.vec,-1
TTC Protocol TTC whitepapers - whitepaper.io.txt.vec,0
Tune.FM JAM whitepapers - whitepaper.io.txt.vec,0
Tycoon TYC whitepapers - whitepaper.io.txt.vec,0
U Network UUU whitepapers - whitepaper.io.txt.vec,-1
UCX UCX whitepapers - whitepaper.io.txt.vec,0
UgChain UGC whitepapers - whitepaper.io.txt.vec,0
Ultiledger ULT whitepapers - whitepaper.io.txt.vec,0
Ultra UOS whitepapers - whitepaper.io.txt.vec,0
ULTRAIN UGAS whitepapers - whitepaper.io.txt.vec,0
UltrAlpha UAT whitepapers - whitepaper.io.txt.vec,0
UMA UMA whitepapers - whitepaper.io.txt.vec,-1
Umbrella Network UMB whitepapers - whitepaper.io.txt.vec,0
Undead Finance UNDEAD whitepapers - whitepaper.io.txt.vec,0
Unibright UBT whitepapers - whitepaper.io.txt.vec,-1
Uniform Fiscal Object UFO whitepapers - whitepaper.io.txt.vec,0
UniLend Finance null whitepapers - whitepaper.io.txt.vec,0
UniLend UFT whitepapers - whitepaper.io.txt.vec,0
Unistake UNISTAKE whitepapers - whitepaper.io.txt.vec,0
Uniswap UNI whitepapers - whitepaper.io.txt.vec,-1
United Traders Token UTT whitepapers - whitepaper.io.txt.vec,-1
Universa UTNP whitepapers - whitepaper.io.txt.vec,0
Uno Re UNO whitepapers - whitepaper.io.txt.vec,0
UNUS SED LEO LEO whitepapers - whitepaper.io.txt.vec,0
uPlexa UPX whitepapers - whitepaper.io.txt.vec,0
UpToken UP whitepapers - whitepaper.io.txt.vec,0
Uquid Coin UQC whitepapers - whitepaper.io.txt.vec,0
USD Coin USDC whitepapers - whitepaper.io.txt.vec,0
USDJ USDJ whitepapers - whitepaper.io.txt.vec,0
UTRUST UTK whitepapers - whitepaper.io.txt.vec,0
V Systems VSYS whitepapers - whitepaper.io.txt.vec,-1
Vagabond VGO whitepapers - whitepaper.io.txt.vec,0
Vai VAI whitepapers - whitepaper.io.txt.vec,0
Valobit VBIT whitepapers - whitepaper.io.txt.vec,0
VARC VARC whitepapers - whitepaper.io.txt.vec,-1
Vaulty VLTY whitepapers - whitepaper.io.txt.vec,0
VeChain VET whitepapers - whitepaper.io.txt.vec,0
Vega Protocol VEGA whitepapers - whitepaper.io.txt.vec,-1
VEKTOR VEKTOR whitepapers - whitepaper.io.txt.vec,0
Velas VLX whitepapers - whitepaper.io.txt.vec,-1
Venus XVS whitepapers - whitepaper.io.txt.vec,0
Verasity VRA whitepapers - whitepaper.io.txt.vec,0
Verge XVG whitepapers - whitepaper.io.txt.vec,0
VeriBlock VBK whitepapers - whitepaper.io.txt.vec,-1
VEROX VRX whitepapers - whitepaper.io.txt.vec,0
VestChain VEST whitepapers - whitepaper.io.txt.vec,0
Viacoin VIA whitepapers - whitepaper.io.txt.vec,0
VIBE VIBE whitepapers - whitepaper.io.txt.vec,0
Viberate VIB whitepapers - whitepaper.io.txt.vec,0
Vidy VIDY whitepapers - whitepaper.io.txt.vec,0
ViptoCoin ViptoCoin whitepapers - whitepaper.io.txt.vec,0
Vitae VITAE whitepapers - whitepaper.io.txt.vec,0
VITE VITE whitepapers - whitepaper.io.txt.vec,7
Vivid Labs VID whitepapers - whitepaper.io.txt.vec,-1
VKENAF VKNF whitepapers - whitepaper.io.txt.vec,0
VooVoo VOO whitepapers - whitepaper.io.txt.vec,0
Voyager Token VGX whitepapers - whitepaper.io.txt.vec,0
W Green Pay WGP whitepapers - whitepaper.io.txt.vec,0
WaBi WABI whitepapers - whitepaper.io.txt.vec,0
Wagerr WGR whitepapers - whitepaper.io.txt.vec,0
Wall Street Games WSG whitepapers - whitepaper.io.txt.vec,0
WallStreetBets DApp WSB whitepapers - whitepaper.io.txt.vec,-1
Waltonchain WTC whitepapers - whitepaper.io.txt.vec,0
Wanchain WAN whitepapers - whitepaper.io.txt.vec,0
War Bond Token WBOND whitepapers - whitepaper.io.txt.vec,0
Waves WAVES whitepapers - whitepaper.io.txt.vec,0
WAX WAX whitepapers - whitepaper.io.txt.vec,0
WaykiChain WICC whitepapers - whitepaper.io.txt.vec,0
WazirX WRX whitepapers - whitepaper.io.txt.vec,0
WebDollar WEBD whitepapers - whitepaper.io.txt.vec,0
Webflix Token WFX whitepapers - whitepaper.io.txt.vec,0
Weboo Swap WEBOO whitepapers - whitepaper.io.txt.vec,0
WELD WELD whitepapers - whitepaper.io.txt.vec,0
WePower WPR whitepapers - whitepaper.io.txt.vec,0
WeTrust TRST whitepapers - whitepaper.io.txt.vec,0
WhiteCoin XWC whitepapers - whitepaper.io.txt.vec,0
whitepaper null whitepapers - whitepaper.io.txt.vec,0
Whole Network NODE whitepapers - whitepaper.io.txt.vec,0
WiBX WBX whitepapers - whitepaper.io.txt.vec,0
Wicrypt WNT whitepapers - whitepaper.io.txt.vec,0
Wings WINGS whitepapers - whitepaper.io.txt.vec,-1
WINk WIN whitepapers - whitepaper.io.txt.vec,0
Wirex WXT whitepapers - whitepaper.io.txt.vec,0
Wixlar WIX whitepapers - whitepaper.io.txt.vec,0
Wizarre Scroll SCRL whitepapers - whitepaper.io.txt.vec,0
Wolf Safe Poor People WSPP whitepapers - whitepaper.io.txt.vec,0
WOM Protocol WOM whitepapers - whitepaper.io.txt.vec,-1
Woodcoin LOG whitepapers - whitepaper.io.txt.vec,0
World Mobile Token WMT whitepapers - whitepaper.io.txt.vec,0
Wowoo WWB whitepapers - whitepaper.io.txt.vec,0
Wrapped Bitcoin WBTC whitepapers - whitepaper.io.txt.vec,0
Wrapped LUNA Classic WLUNC whitepapers - whitepaper.io.txt.vec,14
WX Token WX whitepapers - whitepaper.io.txt.vec,0
x42 Protocol X42 whitepapers - whitepaper.io.txt.vec,0
XBIT XBT whitepapers - whitepaper.io.txt.vec,0
XeniosCoin XNC whitepapers - whitepaper.io.txt.vec,0
XIDR XIDR whitepapers - whitepaper.io.txt.vec,0
XinFin Network XDC whitepapers - whitepaper.io.txt.vec,0
XTRABYTES XBY whitepapers - whitepaper.io.txt.vec,0
XYO XYO whitepapers - whitepaper.io.txt.vec,-1
Yap Stone YAP whitepapers - whitepaper.io.txt.vec,0
Yee YEE whitepapers - whitepaper.io.txt.vec,0
Yield App YLD whitepapers - whitepaper.io.txt.vec,0
Yield Guild Games YGG whitepapers - whitepaper.io.txt.vec,0
YOUChain YOU whitepapers - whitepaper.io.txt.vec,0
YOYOW YOYOW whitepapers - whitepaper.io.txt.vec,-1
Zano ZANO whitepapers - whitepaper.io.txt.vec,0
Zcash ZEC whitepapers - whitepaper.io.txt.vec,-1
Zebi ZCO whitepapers - whitepaper.io.txt.vec,0
Zeedex ZDEX whitepapers - whitepaper.io.txt.vec,0
Zeepin ZPT whitepapers - whitepaper.io.txt.vec,0
ZenCash ZEN whitepapers - whitepaper.io.txt.vec,0
Zenfuse ZEFU whitepapers - whitepaper.io.txt.vec,0
ZEON ZEON whitepapers - whitepaper.io.txt.vec,-1
Zeusshield ZSC whitepapers - whitepaper.io.txt.vec,0
Ziktalk ZIK whitepapers - whitepaper.io.txt.vec,0
Zilliqa ZIL whitepapers - whitepaper.io.txt.vec,-1
Zipper ZIP whitepapers - whitepaper.io.txt.vec,0
ZKSwap ZKS whitepapers - whitepaper.io.txt.vec,0
Zonex Exchange ZXT whitepapers - whitepaper.io.txt.vec,0
ZrCoin ZRC whitepapers - whitepaper.io.txt.vec,-1
ZUSD ZUSD whitepapers - whitepaper.io.txt.vec,0
ZVCHAIN ZVC whitepapers - whitepaper.io.txt.vec,0
